cooling,heating
-0.0,0.0
-0.0,0.0
-0.0,0.0
-0.0,0.0
-0.0,0.0
-0.0,0.0
-0.0,0.0
-0.0,0.0
-0.0,0.0
-0.0,0.0
-0.0,0.0
-0.0,0.0
-0.0,0.0
-0.0,0.0
-0.0,0.0
-0.0,0.0
-0.0,0.0
-0.0,0.0
-0.0,0.0
-0.0,0.0
-0.0,0.0
-0.0,0.0
-0.0,0.0
-0.0,0.0
-0.0,0.0
-0.0,0.0
-0.0,0.0
-0.0,0.0
-0.0,0.0
-0.0,0.0
-0.0,0.0
-0.0,0.0
-0.0,0.0
-0.0,0.0
-0.0,0.0
-0.0,0.0
-0.0,0.0
-0.0,0.0
-0.0,0.0
-0.0,0.0
-0.0,0.0
-0.0,0.0
-0.0,0.0
-0.0,0.0
-0.0,0.0
-0.0,0.0
-0.0,0.0
-0.0,0.0
-0.0,0.0
-0.0,0.0
-0.0,0.0
-0.0,0.0
-0.0,0.0
-0.0,0.0
-0.0,0.0
-0.0,0.0
-0.0,0.0
-0.0,0.0
-0.0,0.0
-0.0,0.0
-0.0,0.0
-0.0,0.0
-0.0,0.0
-0.0,0.0
-0.0,0.0
-0.0,0.0
-0.0,0.0
-0.0,0.0
-0.0,0.0
-0.0,0.0
-0.0,0.0
-0.0,0.0
-0.0,0.0
-0.0,0.0
-0.0,0.0
-0.0,0.0
-0.0,0.0
-0.0,0.0
-0.0,0.0
-0.0,0.0
-0.0,0.0
-0.0,0.0
-0.0,0.0
-0.0,0.0
-0.0,0.0
-0.0,0.0
-0.0,0.0
-0.0,0.0
-0.0,0.0
-0.0,0.0
-0.0,0.0
-0.0,0.0
-0.0,0.0
-0.0,0.0
-0.0,0.0
-0.0,0.0
-0.0,0.0
-0.0,0.0
-0.0,0.0
-0.0,0.0
-0.0,0.0
-0.0,0.0
-0.0,0.0
-0.0,0.0
-0.0,0.0
-0.0,0.0
-0.0,0.0
-0.0,0.0
-0.0,0.0
-0.0,0.0
-0.0,0.0
-0.0,0.0
-0.0,0.0
-0.0,0.0
-0.0,0.0
-0.0,0.0
-0.0,0.0
-0.0,0.0
-0.0,0.0
-0.0,0.0
-0.0,0.0
-0.0,0.0
-0.0,0.0
-0.0,0.0
-0.0,0.0
-0.0,0.0
-0.0,0.0
-0.0,0.0
-0.0,0.0
-0.0,0.0
-0.0,0.0
-0.0,0.0
-0.0,0.0
-0.0,0.0
-0.0,0.0
-0.0,0.0
-0.0,0.0
-0.0,0.0
-0.0,0.0
-0.0,0.0
-0.0,0.0
-0.0,0.0
-0.0,0.0
-0.0,0.0
-0.0,0.0
-0.0,0.0
-0.0,0.0
-0.0,0.0
-0.0,0.0
-0.0,0.0
-0.0,0.0
-0.0,0.0
-0.0,0.0
-0.0,0.0
-0.0,0.0
-0.0,0.0
-0.0,0.0
-0.0,0.0
-0.0,0.0
-0.0,0.0
-0.0,0.0
-0.0,0.0
-0.0,0.0
-0.0,0.0
-0.0,0.0
-0.0,0.0
-0.0,0.0
-0.0,0.0
-0.0,0.0
-0.0,0.0
-0.0,0.0
-0.0,0.0
-0.0,0.0
-0.0,0.0
-0.0,0.0
-0.0,0.0
-0.0,0.0
-0.0,0.0
-0.0,0.0
-0.0,0.0
-0.0,0.0
-0.0,0.0
-0.0,0.0
-0.0,0.0
-0.0,0.0
-0.0,0.0
-0.0,0.0
-0.0,0.0
-0.0,0.0
-0.0,0.0
-0.0,0.0
-0.0,0.0
-0.0,0.0
-0.0,0.0
-0.0,0.0
-0.0,0.0
-0.0,0.0
-0.0,0.0
-0.0,0.0
-0.0,0.0
-0.0,0.0
-0.0,0.0
-0.0,0.0
-0.0,0.0
-0.0,0.0
-0.0,0.0
-0.0,0.0
-0.0,0.0
-0.0,0.0
-0.0,0.0
-0.0,0.0
-0.0,0.0
-0.0,0.0
-0.0,0.0
-0.0,0.0
-0.0,0.0
-0.0,0.0
-0.0,0.0
-0.0,0.0
-0.0,0.0
-0.0,0.0
-0.0,0.0
-0.0,0.0
-0.0,0.0
-0.0,0.0
-0.0,0.0
-0.0,0.0
-0.0,0.0
-0.0,0.0
-0.0,0.0
-0.0,0.0
-0.0,0.0
-0.0,0.0
-0.0,0.0
-0.0,0.0
-0.0,0.0
-0.0,0.0
-0.0,0.0
-0.0,0.0
-0.0,0.0
-0.0,0.0
-0.0,0.0
-0.0,0.0
-0.0,0.0
-0.0,0.0
-0.0,0.0
-0.0,0.0
-0.0,0.0
-0.0,0.0
-0.0,0.0
-0.0,0.0
-0.0,0.0
-0.0,0.0
-0.0,0.0
-0.0,0.0
-0.0,0.0
-0.0,0.0
-0.0,0.0
-0.0,0.0
-0.0,0.0
-0.0,0.0
-0.0,0.0
-0.0,0.0
-0.0,0.0
-0.0,0.0
-0.0,0.0
-0.0,0.0
-0.0,0.0
-0.0,0.0
-0.0,0.0
-0.0,0.0
-0.0,0.0
-0.0,0.0
-0.0,0.0
-0.0,0.0
-0.0,0.0
-0.0,0.0
-0.0,0.0
-0.0,0.0
-0.0,0.0
-0.0,0.0
-0.0,0.0
-0.0,0.0
-0.0,0.0
-0.0,0.0
-0.0,0.0
-0.0,0.0
-0.0,0.0
-0.0,0.0
-0.0,0.0
-0.0,0.0
-0.0,0.0
-0.0,0.0
-0.0,0.0
-0.0,0.0
-0.0,0.0
-0.0,0.0
-0.0,0.0
-0.0,0.0
-0.0,0.0
-0.0,0.0
-0.0,0.0
-0.0,0.0
-0.0,0.0
-0.0,0.0
-0.0,0.0
-0.0,0.0
-0.0,0.0
-0.0,0.0
-0.0,0.0
-0.0,0.0
-0.0,0.0
-0.0,0.0
-0.0,0.0
-0.0,0.0
-0.0,0.0
-0.0,0.0
-0.0,0.0
-0.0,0.0
-0.0,0.0
-0.0,0.0
-0.0,0.0
-0.0,0.0
-0.0,0.0
-0.0,0.0
-0.0,0.0
-0.0,0.0
-0.0,0.0
-0.0,0.0
-0.0,0.0
-0.0,0.0
-0.0,0.0
-0.0,0.0
-0.0,0.0
-0.0,0.0
-0.0,0.0
-0.0,0.0
-0.0,0.0
-0.0,0.0
-0.0,0.0
-0.0,0.0
-0.0,0.0
-0.0,0.0
-0.0,0.0
-0.0,0.0
-0.0,0.0
-0.0,0.0
-0.0,0.0
-0.0,0.0
-0.0,0.0
-0.0,0.0
-0.0,0.0
-0.0,0.0
-0.0,0.0
-0.0,0.0
-0.0,0.0
-0.0,0.0
-0.0,0.0
-0.0,0.0
-0.0,0.0
-0.0,0.0
-0.0,0.0
-0.0,0.0
-0.0,0.0
-0.0,0.0
-0.0,0.0
-0.0,0.0
-0.0,0.0
-0.0,0.0
-0.0,0.0
-0.0,0.0
-0.0,0.0
-0.0,0.0
-0.0,0.0
-0.0,0.0
-0.0,0.0
-0.0,0.0
-0.0,0.0
-0.0,0.0
-0.0,0.0
-0.0,0.0
-0.0,0.0
-0.0,0.0
-0.0,0.0
-0.0,0.0
-0.0,0.0
-0.0,0.0
-0.0,0.0
-0.0,0.0
-0.0,0.0
-0.0,0.0
-0.0,0.0
-0.0,0.0
-0.0,0.0
-0.0,0.0
-0.0,0.0
-0.0,0.0
-0.0,0.0
-0.0,0.0
-0.0,0.0
-0.0,0.0
-0.0,0.0
-0.0,0.0
-0.0,0.0
-0.0,0.0
-0.0,0.0
-0.0,0.0
-0.0,0.0
-0.0,0.0
-0.0,0.0
-0.0,0.0
-0.0,0.0
-0.0,0.0
-0.0,0.0
-0.0,0.0
-0.0,0.0
-0.0,0.0
-0.0,0.0
-0.0,0.0
-0.0,0.0
-0.0,0.0
-0.0,0.0
-0.0,0.0
-0.0,0.0
-0.0,0.0
-0.0,0.0
-0.0,0.0
-0.0,0.0
-0.0,0.0
-0.0,0.0
-0.0,0.0
-0.0,0.0
-0.0,0.0
-0.0,0.0
-0.0,0.0
-0.0,0.0
-0.0,0.0
-0.0,0.0
-0.0,0.0
-0.0,0.0
-0.0,0.0
-0.0,0.0
-0.0,0.0
-0.0,0.0
-0.0,0.0
-0.0,0.0
-0.0,0.0
-0.0,0.0
-0.0,0.0
-0.0,0.0
-0.0,0.0
-0.0,0.0
-0.0,0.0
-0.0,0.0
-0.0,0.0
-0.0,0.0
-0.0,0.0
-0.0,0.0
-0.0,0.0
-0.0,0.0
-0.0,0.0
-0.0,0.0
-0.0,0.0
-0.0,0.0
-0.0,0.0
-0.0,0.0
-0.0,0.0
-0.0,0.0
-0.0,0.0
-0.0,0.0
-0.0,0.0
-0.0,0.0
-0.0,0.0
-0.0,0.0
-0.0,0.0
-0.0,0.0
-0.0,0.0
-0.0,0.0
-0.0,0.0
-0.0,0.0
-0.0,0.0
-0.0,0.0
-0.0,0.0
-0.0,0.0
-0.0,0.0
-0.0,0.0
-0.0,0.0
-0.0,0.0
-0.0,0.0
-0.0,0.0
-0.0,0.0
-0.0,0.0
-0.0,0.0
-0.0,0.0
-0.0,0.0
-0.0,0.0
-0.0,0.0
-0.0,0.0
-0.0,0.0
-0.0,0.0
-0.0,0.0
-0.0,0.0
-0.0,0.0
-0.0,0.0
-0.0,0.0
-0.0,0.0
-0.0,0.0
-0.0,0.0
-0.0,0.0
-0.0,0.0
-0.0,0.0
-0.0,0.0
-0.0,0.0
-0.0,0.0
-0.0,0.0
-0.0,0.0
-0.0,0.0
-0.0,0.0
-0.0,0.0
-0.0,0.0
-0.0,0.0
-0.0,0.0
-0.0,0.0
-0.0,0.0
-0.0,0.0
-0.0,0.0
-0.0,0.0
-0.0,0.0
-0.0,0.0
-0.0,0.0
-0.0,0.0
-0.0,0.0
-0.0,0.0
-0.0,0.0
-0.0,0.0
-0.0,0.0
-0.0,0.0
-0.0,0.0
-0.0,0.0
-0.0,0.0
-0.0,0.0
-0.0,0.0
-0.0,0.0
-0.0,0.0
-0.0,0.0
-0.0,0.0
-0.0,0.0
-0.0,0.0
-0.0,0.0
-0.0,0.0
-0.0,0.0
-0.0,0.0
-0.0,0.0
-0.0,0.0
-0.0,0.0
-0.0,0.0
-0.0,0.0
-0.0,0.0
-0.0,0.0
-0.0,0.0
-0.0,0.0
-0.0,0.0
-0.0,0.0
-0.0,0.0
-0.0,0.0
-0.0,0.0
-0.0,0.0
-0.0,0.0
-0.0,0.0
-0.0,0.0
-0.0,0.0
-0.0,0.0
-0.0,0.0
-0.0,0.0
-0.0,0.0
-0.0,0.0
-0.0,0.0
-0.0,0.0
-0.0,0.0
-0.0,0.0
-0.0,0.0
-0.0,0.0
-0.0,0.0
-0.0,0.0
-0.0,0.0
-0.0,0.0
-0.0,0.0
-0.0,0.0
-0.0,0.0
-0.0,0.0
-0.0,0.0
-0.0,0.0
-0.0,0.0
-0.0,0.0
-0.0,0.0
-0.0,0.0
-0.0,0.0
-0.0,0.0
-0.0,0.0
-0.0,0.0
-0.0,0.0
-0.0,0.0
-0.0,0.0
-0.0,0.0
-0.0,0.0
-0.0,0.0
-0.0,0.0
-0.0,0.0
-0.0,0.0
-0.0,0.0
-0.0,0.0
-0.0,0.0
-0.0,0.0
-0.0,0.0
-0.0,0.0
-0.0,0.0
-0.0,0.0
-0.0,0.0
-0.0,0.0
-0.0,0.0
-0.0,0.0
-0.0,0.0
-0.0,0.0
-0.0,0.0
-0.0,0.0
-0.0,0.0
-0.0,0.0
-0.0,0.0
-0.0,0.0
-0.0,0.0
-0.0,0.0
-0.0,0.0
-0.0,0.0
-0.0,0.0
-0.0,0.0
-0.0,0.0
-0.0,0.0
-0.0,0.0
-0.0,0.0
-0.0,0.0
-0.0,0.0
-0.0,0.0
-0.0,0.0
-0.0,0.0
-0.0,0.0
-0.0,0.0
-0.0,0.0
-0.0,0.0
-0.0,0.0
-0.0,0.0
-0.0,0.0
-0.0,0.0
-0.0,0.0
-0.0,0.0
-0.0,0.0
-0.0,0.0
-0.0,0.0
-0.0,0.0
-0.0,0.0
-0.0,0.0
-0.0,0.0
-0.0,0.0
-0.0,0.0
-0.0,0.0
-0.0,0.0
-0.0,0.0
-0.0,0.0
-0.0,0.0
-0.0,0.0
-0.0,0.0
-0.0,0.0
-0.0,0.0
-0.0,0.0
-0.0,0.0
-0.0,0.0
-0.0,0.0
-0.0,0.0
-0.0,0.0
-0.0,0.0
-0.0,0.0
-0.0,0.0
-0.0,0.0
-0.0,0.0
-0.0,0.0
-0.0,0.0
-0.0,0.0
-0.0,0.0
-0.0,0.0
-0.0,0.0
-0.0,0.0
-0.0,0.0
-0.0,0.0
-0.0,0.0
-0.0,0.0
-0.0,0.0
-0.0,0.0
-0.0,0.0
-0.0,0.0
-0.0,0.0
-0.0,0.0
-0.0,0.0
-0.0,0.0
-0.0,0.0
-0.0,0.0
-0.0,0.0
-0.0,0.0
-0.0,0.0
-0.0,0.0
-0.0,0.0
-0.0,0.0
-0.0,0.0
-0.0,0.0
-0.0,0.0
-0.0,0.0
-0.0,0.0
-0.0,0.0
-0.0,0.0
-0.0,0.0
-0.0,0.0
-0.0,0.0
-0.0,0.0
-0.0,0.0
-0.0,0.0
-0.0,0.0
-0.0,0.0
-0.0,0.0
-0.0,0.0
-0.0,0.0
-0.0,0.0
-0.0,0.0
-0.0,0.0
-0.0,0.0
-0.0,0.0
-0.0,0.0
-0.0,0.0
-0.0,0.0
-0.0,0.0
-0.0,0.0
-0.0,0.0
-0.0,0.0
-0.0,0.0
-0.0,0.0
-0.0,0.0
-0.0,0.0
-0.0,0.0
-0.0,0.0
-0.0,0.0
-0.0,0.0
-0.0,0.0
-0.0,0.0
-0.0,0.0
-0.0,0.0
-0.0,0.0
-0.0,0.0
-0.0,0.0
-0.0,0.0
-0.0,0.0
-0.0,0.0
-0.0,0.0
-0.0,0.0
-0.0,0.0
-0.0,0.0
-0.0,0.0
-0.0,0.0
-0.0,0.0
-0.0,0.0
-0.0,0.0
-0.0,0.0
-0.0,0.0
-0.0,0.0
-0.0,0.0
-0.0,0.0
-0.0,0.0
-0.0,0.0
-0.0,0.0
-0.0,0.0
-0.0,0.0
-0.0,0.0
-0.0,0.0
-0.0,0.0
-0.0,0.0
-0.0,0.0
-0.0,0.0
-0.0,0.0
-0.0,0.0
-0.0,0.0
-0.0,0.0
-0.0,0.0
-0.0,0.0
-0.0,0.0
-0.0,0.0
-0.0,0.0
-0.0,0.0
-0.0,0.0
-0.0,0.0
-0.0,0.0
-0.0,0.0
-0.0,0.0
-0.0,0.0
-0.0,0.0
-0.0,0.0
-0.0,0.0
-0.0,0.0
-0.0,0.0
-0.0,0.0
-0.0,0.0
-0.0,0.0
-0.0,0.0
-0.0,0.0
-0.0,0.0
-0.0,0.0
-0.0,0.0
-0.0,0.0
-0.0,0.0
-0.0,0.0
-0.0,0.0
-0.0,0.0
-0.0,0.0
-0.0,0.0
-0.0,0.0
-0.0,0.0
-0.0,0.0
-0.0,0.0
-0.0,0.0
-0.0,0.0
-0.0,0.0
-0.0,0.0
-0.0,0.0
-0.0,0.0
-0.0,0.0
-0.0,0.0
-0.0,0.0
-0.0,0.0
-0.0,0.0
-0.0,0.0
-0.0,0.0
-0.0,0.0
-0.0,0.0
-0.0,0.0
-0.0,0.0
-0.0,0.0
-0.0,0.0
-0.0,0.0
-0.0,0.0
-0.0,0.0
-0.0,0.0
-0.0,0.0
-0.0,0.0
-0.0,0.0
-0.0,0.0
-0.0,0.0
-0.0,0.0
-0.0,0.0
-0.0,0.0
-0.0,0.0
-0.0,0.0
-0.0,0.0
-0.0,0.0
-0.0,0.0
-0.0,0.0
-0.0,0.0
-0.0,0.0
-0.0,0.0
-0.0,0.0
-0.0,0.0
-0.0,0.0
-0.0,0.0
-0.0,0.0
-0.0,0.0
-0.0,0.0
-0.0,0.0
-0.0,0.0
-0.0,0.0
-0.0,0.0
-0.0,0.0
-0.0,0.0
-0.0,0.0
-0.0,0.0
-0.0,0.0
-0.0,0.0
-0.0,0.0
-0.0,0.0
-0.0,0.0
-0.0,0.0
-0.0,0.0
-0.0,0.0
-0.0,0.0
-0.0,0.0
-0.0,0.0
-0.0,0.0
-0.0,0.0
-0.0,0.0
-0.0,0.0
-0.0,0.0
-0.0,0.0
-0.0,0.0
-0.0,0.0
-0.0,0.0
-0.0,0.0
-0.0,0.0
-0.0,0.0
-0.0,0.0
-0.0,0.0
-0.0,0.0
-0.0,0.0
-0.0,0.0
-0.0,0.0
-0.0,0.0
-0.0,0.0
-0.0,0.0
-0.0,0.0
-0.0,0.0
-0.0,0.0
-0.0,0.0
-0.0,0.0
-0.0,0.0
-0.0,0.0
-0.0,0.0
-0.0,0.0
-0.0,0.0
-0.0,0.0
-0.0,0.0
-0.0,0.0
-0.0,0.0
-0.0,0.0
-0.0,0.0
-0.0,0.0
-0.0,0.0
-0.0,0.0
-0.0,0.0
-0.0,0.0
-0.0,0.0
-0.0,0.0
-0.0,0.0
-0.0,0.0
-0.0,0.0
-0.0,0.0
-0.0,0.0
-0.0,0.0
-0.0,0.0
-0.0,0.0
-0.0,0.0
-0.0,0.0
-0.0,0.0
-0.0,0.0
-0.0,0.0
-0.0,0.0
-0.0,0.0
-0.0,0.0
-0.0,0.0
-0.0,0.0
-0.0,0.0
-0.0,0.0
-0.0,0.0
-0.0,0.0
-0.0,0.0
-0.0,0.0
-0.0,0.0
-0.0,0.0
-0.0,0.0
-0.0,0.0
-0.0,0.0
-0.0,0.0
-0.0,0.0
-0.0,0.0
-0.0,0.0
-0.0,0.0
-0.0,0.0
-0.0,0.0
-0.0,0.0
-0.0,0.0
-0.0,0.0
-0.0,0.0
-0.0,0.0
-0.0,0.0
-0.0,0.0
-0.0,0.0
-0.0,0.0
-0.0,0.0
-0.0,0.0
-0.0,0.0
-0.0,0.0
-0.0,0.0
-0.0,0.0
-0.0,0.0
-0.0,0.0
-0.0,0.0
-0.0,0.0
-0.0,0.0
-0.0,0.0
-0.0,0.0
-0.0,0.0
-0.0,0.0
-0.0,0.0
-0.0,0.0
-0.0,0.0
-0.0,0.0
-0.0,0.0
-0.0,0.0
-0.0,0.0
-0.0,0.0
-0.0,0.0
-0.0,0.0
-0.0,0.0
-0.0,0.0
-0.0,0.0
-0.0,0.0
-0.0,0.0
-0.0,0.0
-0.0,0.0
-0.0,0.0
-0.0,0.0
-0.0,0.0
-0.0,0.0
-0.0,0.0
-0.0,0.0
-0.0,0.0
-0.0,0.0
-0.0,0.0
-0.0,0.0
-0.0,0.0
-0.0,0.0
-0.0,0.0
-0.0,0.0
-0.0,0.0
-0.0,0.0
-0.0,0.0
-0.0,0.0
-0.0,0.0
-0.0,0.0
-0.0,0.0
-0.0,0.0
-0.0,0.0
-0.0,0.0
-0.0,0.0
-0.0,0.0
-0.0,0.0
-0.0,0.0
-0.0,0.0
-0.0,0.0
-0.0,0.0
-0.0,0.0
-0.0,0.0
-0.0,0.0
-0.0,0.0
-0.0,0.0
-0.0,0.0
-0.0,0.0
-0.0,0.0
-0.0,0.0
-0.0,0.0
-0.0,0.0
-0.0,0.0
-0.0,0.0
-0.0,0.0
-0.0,0.0
-0.0,0.0
-0.0,0.0
-0.0,0.0
-0.0,0.0
-0.0,0.0
-0.0,0.0
-0.0,0.0
-0.0,0.0
-0.0,0.0
-0.0,0.0
-0.0,0.0
-0.0,0.0
-0.0,0.0
-0.0,0.0
-0.0,0.0
-0.0,0.0
-0.0,0.0
-0.0,0.0
-0.0,0.0
-0.0,0.0
-0.0,0.0
-0.0,0.0
-0.0,0.0
-0.0,0.0
-0.0,0.0
-0.0,0.0
-0.0,0.0
-0.0,0.0
-0.0,0.0
-0.0,0.0
-0.0,0.0
-0.0,0.0
-0.0,0.0
-0.0,0.0
-0.0,0.0
-0.0,0.0
-0.0,0.0
-0.0,0.0
-0.0,0.0
-0.0,0.0
-0.0,0.0
-0.0,0.0
-0.0,0.0
-0.0,0.0
-0.0,0.0
-0.0,0.0
-0.0,0.0
-0.0,0.0
-0.0,0.0
-0.0,0.0
-0.0,0.0
-0.0,0.0
-0.0,0.0
-0.0,0.0
-0.0,0.0
-0.0,0.0
-0.0,0.0
-0.0,0.0
-0.0,0.0
-0.0,0.0
-0.0,0.0
-0.0,0.0
-0.0,0.0
-0.0,0.0
-0.0,0.0
-0.0,0.0
-0.0,0.0
-0.0,0.0
-0.0,0.0
-0.0,0.0
-0.0,0.0
-0.0,0.0
-0.0,0.0
-0.0,0.0
-0.0,0.0
-0.0,0.0
-0.0,0.0
-0.0,0.0
-0.0,0.0
-0.0,0.0
-0.0,0.0
-0.0,0.0
-0.0,0.0
-0.0,0.0
-0.0,0.0
-0.0,0.0
-0.0,0.0
-0.0,0.0
-0.0,0.0
-0.0,0.0
-0.0,0.0
-0.0,0.0
-0.0,0.0
-0.0,0.0
-0.0,0.0
-0.0,0.0
-0.0,0.0
-0.0,0.0
-0.0,0.0
-0.0,0.0
-0.0,0.0
-0.0,0.0
-0.0,0.0
-0.0,0.0
-0.0,0.0
-0.0,0.0
-0.0,0.0
-0.0,0.0
-0.0,0.0
-0.0,0.0
-0.0,0.0
-0.0,0.0
-0.0,0.0
-0.0,0.0
-0.0,0.0
-0.0,0.0
-0.0,0.0
-0.0,0.0
-0.0,0.0
-0.0,0.0
-0.0,0.0
-0.0,0.0
-0.0,0.0
-0.0,0.0
-0.0,0.0
-0.0,0.0
-0.0,0.0
-0.0,0.0
-0.0,0.0
-0.0,0.0
-0.0,0.0
-0.0,0.0
-0.0,0.0
-0.0,0.0
-0.0,0.0
-0.0,0.0
-0.0,0.0
-0.0,0.0
-0.0,0.0
-0.0,0.0
-0.0,0.0
-0.0,0.0
-0.0,0.0
-0.0,0.0
-0.0,0.0
-0.0,0.0
-0.0,0.0
-0.0,0.0
-0.0,0.0
-0.0,0.0
-0.0,0.0
-0.0,0.0
-0.0,0.0
-0.0,0.0
-0.0,0.0
-0.0,0.0
-0.0,0.0
-0.0,0.0
-0.0,0.0
-0.0,0.0
-0.0,0.0
-0.0,0.0
-0.0,0.0
-0.0,0.0
-0.0,0.0
-0.0,0.0
-0.0,0.0
-0.0,0.0
-0.0,0.0
-0.0,0.0
-0.0,0.0
-0.0,0.0
-0.0,0.0
-0.0,0.0
-0.0,0.0
-0.0,0.0
-0.0,0.0
-0.0,0.0
-0.0,0.0
-0.0,0.0
-0.0,0.0
-0.0,0.0
-0.0,0.0
-0.0,0.0
-0.0,0.0
-0.0,0.0
-0.0,0.0
-0.0,0.0
-0.0,0.0
-0.0,0.0
-0.0,0.0
-0.0,0.0
-0.0,0.0
-0.0,0.0
-0.0,0.0
-0.0,0.0
-0.0,0.0
-0.0,0.0
-0.0,0.0
-0.0,0.0
-0.0,0.0
-0.0,0.0
-0.0,0.0
-0.0,0.0
-0.0,0.0
-0.0,0.0
-0.0,0.0
-0.0,0.0
-0.0,0.0
-0.0,0.0
-0.0,0.0
-0.0,0.0
-0.0,0.0
-0.0,0.0
-0.0,0.0
-0.0,0.0
-0.0,0.0
-0.0,0.0
-0.0,0.0
-0.0,0.0
-0.0,0.0
-0.0,0.0
-0.0,0.0
-0.0,0.0
-0.0,0.0
-0.0,0.0
-0.0,0.0
-0.0,0.0
-0.0,0.0
-0.0,0.0
-0.0,0.0
-0.0,0.0
-0.0,0.0
-0.0,0.0
-0.0,0.0
-0.0,0.0
-0.0,0.0
-0.0,0.0
-0.0,0.0
-0.0,0.0
-0.0,0.0
-0.0,0.0
-0.0,0.0
-0.0,0.0
-0.0,0.0
-0.0,0.0
-0.0,0.0
-0.0,0.0
-0.0,0.0
-0.0,0.0
-0.0,0.0
-0.0,0.0
-0.0,0.0
-0.0,0.0
-0.0,0.0
-0.0,0.0
-0.0,0.0
-0.0,0.0
-0.0,0.0
-0.0,0.0
-0.0,0.0
-0.0,0.0
-0.0,0.0
-0.0,0.0
-0.0,0.0
-0.0,0.0
-0.0,0.0
-0.0,0.0
-0.0,0.0
-0.0,0.0
-0.0,0.0
-0.0,0.0
-0.0,0.0
-0.0,0.0
-0.0,0.0
-0.0,0.0
-0.0,0.0
-0.0,0.0
-0.0,0.0
-0.0,0.0
-0.0,0.0
-0.0,0.0
-0.0,0.0
-0.0,0.0
-0.0,0.0
-0.0,0.0
-0.0,0.0
-0.0,0.0
-0.0,0.0
-0.0,0.0
-0.0,0.0
-0.0,0.0
-0.0,0.0
-0.0,0.0
-0.0,0.0
-0.0,0.0
-0.0,0.0
-0.0,0.0
-0.0,0.0
-0.0,0.0
-0.0,0.0
-0.0,0.0
-0.0,0.0
-0.0,0.0
-0.0,0.0
-0.0,0.0
-0.0,0.0
-0.0,0.0
-0.0,0.0
-0.0,0.0
-0.0,0.0
-0.0,0.0
-0.0,0.0
-0.0,0.0
-0.0,0.0
-0.0,0.0
-0.0,0.0
-0.0,0.0
-0.0,0.0
-0.0,0.0
-0.0,0.0
-0.0,0.0
-0.0,0.0
-0.0,0.0
-0.0,0.0
-0.0,0.0
-0.0,0.0
-0.0,0.0
-0.0,0.0
-0.0,0.0
-0.0,0.0
-0.0,0.0
-0.0,0.0
-0.0,0.0
-0.0,0.0
-0.0,0.0
-0.0,0.0
-0.0,0.0
-0.0,0.0
-0.0,0.0
-0.0,0.0
-0.0,0.0
-0.0,0.0
-0.0,0.0
-0.0,0.0
-0.0,0.0
-0.0,0.0
-0.0,0.0
-0.0,0.0
-0.0,0.0
-0.0,0.0
-0.0,0.0
-0.0,0.0
-0.0,0.0
-0.0,0.0
-0.0,0.0
-0.0,0.0
-0.0,0.0
-0.0,0.0
-0.0,0.0
-0.0,0.0
-0.0,0.0
-0.0,0.0
-0.0,0.0
-0.0,0.0
-0.0,0.0
-0.0,0.0
-0.0,0.0
-0.0,0.0
-0.0,0.0
-0.0,0.0
-0.0,0.0
-0.0,0.0
-0.0,0.0
-0.0,0.0
-0.0,0.0
-0.0,0.0
-0.0,0.0
-0.0,0.0
-0.0,0.0
-0.0,0.0
-0.0,0.0
-0.0,0.0
-0.0,0.0
-0.0,0.0
-0.0,0.0
-0.0,0.0
-0.0,0.0
-0.0,0.0
-0.0,0.0
-0.0,0.0
-0.0,0.0
-0.0,0.0
-0.0,0.0
-0.0,0.0
-0.0,0.0
-0.0,0.0
-0.0,0.0
-0.0,0.0
-0.0,0.0
-0.0,0.0
-0.0,0.0
-0.0,0.0
-0.0,0.0
-0.0,0.0
-0.0,0.0
-0.0,0.0
-0.0,0.0
-0.0,0.0
-0.0,0.0
-0.0,0.0
-0.0,0.0
-0.0,0.0
-0.0,0.0
-0.0,0.0
-0.0,0.0
-0.0,0.0
-0.0,0.0
-0.0,0.0
-0.0,0.0
-0.0,0.0
-0.0,0.0
-0.0,0.0
-0.0,0.0
-0.0,0.0
-0.0,0.0
-0.0,0.0
-0.0,0.0
-0.0,0.0
-0.0,0.0
-0.0,0.0
-0.0,0.0
-0.0,0.0
-0.0,0.0
-0.0,0.0
-0.0,0.0
-0.0,0.0
-0.0,0.0
-0.0,0.0
-0.0,0.0
-0.0,0.0
-0.0,0.0
-0.0,0.0
-0.0,0.0
-0.0,0.0
-0.0,0.0
-0.0,0.0
-0.0,0.0
-0.0,0.0
-0.0,0.0
-0.0,0.0
-0.0,0.0
-0.0,0.0
-0.0,0.0
-0.0,0.0
-0.0,0.0
-0.0,0.0
-0.0,0.0
-0.0,0.0
-0.0,0.0
-0.0,0.0
-0.0,0.0
-0.0,0.0
-0.0,0.0
-0.0,0.0
-0.0,0.0
-0.0,0.0
-0.0,0.0
-0.0,0.0
-0.0,0.0
-0.0,0.0
-0.0,0.0
-0.0,0.0
-0.0,0.0
-0.0,0.0
-0.0,0.0
-0.0,0.0
-0.0,0.0
-0.0,0.0
-0.0,0.0
-0.0,0.0
-0.0,0.0
-0.0,0.0
-0.0,0.0
-0.0,0.0
-0.0,0.0
-0.0,0.0
-0.0,0.0
-0.0,0.0
-0.0,0.0
-0.0,0.0
-0.0,0.0
-0.0,0.0
-0.0,0.0
-0.0,0.0
-0.0,0.0
-0.0,0.0
-0.0,0.0
-0.0,0.0
-0.0,0.0
-0.0,0.0
-0.0,0.0
-0.0,0.0
-0.0,0.0
-0.0,0.0
-0.0,0.0
-0.0,0.0
-0.0,0.0
-0.0,0.0
-0.0,0.0
-0.0,0.0
-0.0,0.0
-0.0,0.0
-0.0,0.0
-0.0,0.0
-0.0,0.0
-0.0,0.0
-0.0,0.0
-0.0,0.0
-0.0,0.0
-0.0,0.0
-0.0,0.0
-0.0,0.0
-0.0,0.0
-0.0,0.0
-0.0,0.0
-0.0,0.0
-0.0,0.0
-0.0,0.0
-0.0,0.0
-0.0,0.0
-0.0,0.0
-0.0,0.0
-0.0,0.0
-0.0,0.0
-0.0,0.0
-0.0,0.0
-0.0,0.0
-0.0,0.0
-0.0,0.0
-0.0,0.0
-0.0,0.0
-0.0,0.0
-0.0,0.0
-0.0,0.0
-0.0,0.0
-0.0,0.0
-0.0,0.0
-0.0,0.0
-0.0,0.0
-0.0,0.0
-0.0,0.0
-0.0,0.0
-0.0,0.0
-0.0,0.0
-0.0,0.0
-0.0,0.0
-0.0,0.0
-0.0,0.0
-0.0,0.0
-0.0,0.0
-0.0,0.0
-0.0,0.0
-0.0,0.0
-0.0,0.0
-0.0,0.0
-0.0,0.0
-0.0,0.0
-0.0,0.0
-0.0,0.0
-0.0,0.0
-0.0,0.0
-0.0,0.0
-0.0,0.0
-0.0,0.0
-0.0,0.0
-0.0,0.0
-0.0,0.0
-0.0,0.0
-0.0,0.0
-0.0,0.0
-0.0,0.0
-0.0,0.0
-0.0,0.0
-0.0,0.0
-0.0,0.0
-0.0,0.0
-0.0,0.0
-0.0,0.0
-0.0,0.0
-0.0,0.0
-0.0,0.0
-0.0,0.0
-0.0,0.0
-0.0,0.0
-0.0,0.0
-0.0,0.0
-0.0,0.0
-0.0,0.0
-0.0,0.0
-0.0,0.0
-0.0,0.0
-0.0,0.0
-0.0,0.0
-0.0,0.0
-0.0,0.0
-0.0,0.0
-0.0,0.0
-0.0,0.0
-0.0,0.0
-0.0,0.0
-0.0,0.0
-0.0,0.0
-0.0,0.0
-0.0,0.0
-0.0,0.0
-0.0,0.0
-0.0,0.0
-0.0,0.0
-0.0,0.0
-0.0,0.0
-0.0,0.0
-0.0,0.0
-0.0,0.0
-0.0,0.0
-0.0,0.0
-0.0,0.0
-0.0,0.0
-0.0,0.0
-0.0,0.0
-0.0,0.0
-0.0,0.0
-0.0,0.0
-0.0,0.0
-0.0,0.0
-0.0,0.0
-0.0,0.0
-0.0,0.0
-0.0,0.0
-0.0,0.0
-0.0,0.0
-0.0,0.0
-0.0,0.0
-0.0,0.0
-0.0,0.0
-0.0,0.0
-0.0,0.0
-0.0,0.0
-0.0,0.0
-0.0,0.0
-0.0,0.0
-0.0,0.0
-0.0,0.0
-0.0,0.0
-0.0,0.0
-0.0,0.0
-0.0,0.0
-0.0,0.0
-0.0,0.0
-0.0,0.0
-0.0,0.0
-0.0,0.0
-0.0,0.0
-0.0,0.0
-0.0,0.0
-0.0,0.0
-0.0,0.0
-0.0,0.0
-0.0,0.0
-0.0,0.0
-0.0,0.0
-0.0,0.0
-0.0,0.0
-0.0,0.0
-0.0,0.0
-0.0,0.0
-0.0,0.0
-0.0,0.0
-0.0,0.0
-0.0,0.0
-0.0,0.0
-0.0,0.0
-0.0,0.0
-0.0,0.0
-0.0,0.0
-0.0,0.0
-0.0,0.0
-0.0,0.0
-0.0,0.0
-0.0,0.0
-0.0,0.0
-0.0,0.0
-0.0,0.0
-0.0,0.0
-0.0,0.0
-0.0,0.0
-0.0,0.0
-0.0,0.0
-0.0,0.0
-0.0,0.0
-0.0,0.0
-0.0,0.0
-0.0,0.0
-0.0,0.0
-0.0,0.0
-0.0,0.0
-0.0,0.0
-0.0,0.0
-0.0,0.0
-0.0,0.0
-0.0,0.0
-0.0,0.0
-0.0,0.0
-0.0,0.0
-0.0,0.0
-0.0,0.0
-0.0,0.0
-0.0,0.0
-0.0,0.0
-0.0,0.0
-0.0,0.0
-0.0,0.0
-0.0,0.0
-0.0,0.0
-0.0,0.0
-0.0,0.0
-0.0,0.0
-0.0,0.0
-0.0,0.0
-0.0,0.0
-0.0,0.0
-0.0,0.0
-0.0,0.0
-0.0,0.0
-0.0,0.0
-0.0,0.0
-0.0,0.0
-0.0,0.0
-0.0,0.0
-0.0,0.0
-0.0,0.0
-0.0,0.0
-0.0,0.0
-0.0,0.0
-0.0,0.0
-0.0,0.0
-0.0,0.0
-0.0,0.0
-0.0,0.0
-0.0,0.0
-0.0,0.0
-0.0,0.0
-0.0,0.0
-0.0,0.0
-0.0,0.0
-0.0,0.0
-0.0,0.0
-0.0,0.0
-0.0,0.0
-0.0,0.0
-0.0,0.0
-0.0,0.0
-0.0,0.0
-0.0,0.0
-0.0,0.0
-0.0,0.0
-0.0,0.0
-0.0,0.0
-0.0,0.0
-0.0,0.0
-0.0,0.0
-0.0,0.0
-0.0,0.0
-0.0,0.0
-0.0,0.0
-0.0,0.0
-0.0,0.0
-0.0,0.0
-0.0,0.0
-0.0,0.0
-0.0,0.0
-0.0,0.0
-0.0,0.0
-0.0,0.0
-0.0,0.0
-0.0,0.0
-0.0,0.0
-0.0,0.0
-0.0,0.0
-0.0,0.0
-0.0,0.0
-0.0,0.0
-0.0,0.0
-0.0,0.0
-0.0,0.0
-0.0,0.0
-0.0,0.0
-0.0,0.0
-0.0,0.0
-0.0,0.0
-0.0,0.0
-0.0,0.0
-0.0,0.0
-0.0,0.0
-0.0,0.0
-0.0,0.0
-0.0,0.0
-0.0,0.0
-0.0,0.0
-0.0,0.0
-0.0,0.0
-0.0,0.0
-0.0,0.0
-0.0,0.0
-0.0,0.0
-0.0,0.0
-0.0,0.0
-0.0,0.0
-0.0,0.0
-0.0,0.0
-0.0,0.0
-0.0,0.0
-0.0,0.0
-0.0,0.0
-0.0,0.0
-0.0,0.0
-0.0,0.0
-0.0,0.0
-0.0,0.0
-0.0,0.0
-0.0,0.0
-0.0,0.0
-0.0,0.0
-0.0,0.0
-0.0,0.0
-0.0,0.0
-0.0,0.0
-0.0,0.0
-0.0,0.0
-0.0,0.0
-0.0,0.0
-0.0,0.0
-0.0,0.0
-0.0,0.0
-0.0,0.0
-0.0,0.0
-0.0,0.0
-0.0,0.0
-0.0,0.0
-0.0,0.0
-0.0,0.0
-0.0,0.0
-0.0,0.0
-0.0,0.0
-0.0,0.0
-0.0,0.0
-0.0,0.0
-0.0,0.0
-0.0,0.0
-0.0,0.0
-0.0,0.0
-0.0,0.0
-0.0,0.0
-0.0,0.0
-0.0,0.0
-0.0,0.0
-0.0,0.0
-0.0,0.0
-0.0,0.0
-0.0,0.0
-0.0,0.0
-0.0,0.0
-0.0,0.0
-0.0,0.0
-0.0,0.0
-0.0,0.0
-0.0,0.0
-0.0,0.0
-0.0,0.0
-0.0,0.0
-0.0,0.0
-0.0,0.0
-0.0,0.0
-0.0,0.0
-0.0,0.0
-0.0,0.0
-0.0,0.0
-0.0,0.0
-0.0,0.0
-0.0,0.0
-0.0,0.0
-0.0,0.0
-0.0,0.0
-0.0,0.0
-0.0,0.0
-0.0,0.0
-0.0,0.0
-0.0,0.0
-0.0,0.0
-0.0,0.0
-0.0,0.0
-0.0,0.0
-0.0,0.0
-0.0,0.0
-0.0,0.0
-0.0,0.0
-0.0,0.0
-0.0,0.0
-0.0,0.0
-0.0,0.0
-0.0,0.0
-0.0,0.0
-0.0,0.0
-0.0,0.0
-0.0,0.0
-0.0,0.0
-0.0,0.0
-0.0,0.0
-0.0,0.0
-0.0,0.0
-0.0,0.0
-0.0,0.0
-0.0,0.0
-0.0,0.0
-0.0,0.0
-0.0,0.0
-0.0,0.0
-0.0,0.0
-0.0,0.0
-0.0,0.0
-0.0,0.0
-0.0,0.0
-0.0,0.0
-0.0,0.0
-0.0,0.0
-0.0,0.0
-0.0,0.0
-0.0,0.0
-0.0,0.0
-0.0,0.0
-0.0,0.0
-0.0,0.0
-0.0,0.0
-0.0,0.0
-0.0,0.0
-0.0,0.0
-0.0,0.0
-0.0,0.0
-0.0,0.0
-0.0,0.0
-0.0,0.0
-0.0,0.0
-0.0,0.0
-0.0,0.0
-0.0,0.0
-0.0,0.0
-0.0,0.0
-0.0,0.0
-0.0,0.0
-0.0,0.0
-0.0,0.0
-0.0,0.0
-0.0,0.0
-0.0,0.0
-0.0,0.0
-0.0,0.0
-0.0,0.0
-0.0,0.0
-0.0,0.0
-0.0,0.0
-0.0,0.0
-0.0,0.0
-0.0,0.0
-0.0,0.0
-0.0,0.0
-0.0,0.0
-0.0,0.0
-0.0,0.0
-0.0,0.0
-0.0,0.0
-0.0,0.0
-0.0,0.0
-0.0,0.0
-0.0,0.0
-0.0,0.0
-0.0,0.0
-0.0,0.0
-0.0,0.0
-0.0,0.0
-0.0,0.0
-0.0,0.0
-0.0,0.0
-0.0,0.0
-0.0,0.0
-0.0,0.0
-0.0,0.0
-0.0,0.0
-0.0,0.0
-0.0,0.0
-0.0,0.0
-0.0,0.0
-0.0,0.0
-0.0,0.0
-0.0,0.0
-0.0,0.0
-0.0,0.0
-0.0,0.0
-0.0,0.0
-0.0,0.0
-0.0,0.0
-0.0,0.0
-0.0,0.0
-0.0,0.0
-0.0,0.0
-0.0,0.0
-0.0,0.0
-0.0,0.0
-0.0,0.0
-0.0,0.0
-0.0,0.0
-0.0,0.0
-0.0,0.0
-0.0,0.0
-0.0,0.0
-0.0,0.0
-0.0,0.0
-0.0,0.0
-0.0,0.0
-0.0,0.0
-0.0,0.0
-0.0,0.0
-0.0,0.0
-0.0,0.0
-0.0,0.0
-0.0,0.0
-0.0,0.0
-0.0,0.0
-0.0,0.0
-0.0,0.0
-0.0,0.0
-0.0,0.0
-0.0,0.0
-0.0,0.0
-0.0,0.0
-0.0,0.0
-0.0,0.0
-0.0,0.0
-0.0,0.0
-0.0,0.0
-0.0,0.0
-0.0,0.0
-0.0,0.0
-0.0,0.0
-0.0,0.0
-0.0,0.0
-0.0,0.0
-0.0,0.0
-0.0,0.0
-0.0,0.0
-0.0,0.0
-0.0,0.0
-0.0,0.0
-0.0,0.0
-0.0,0.0
-0.0,0.0
-0.0,0.0
-0.0,0.0
-0.0,0.0
-0.0,0.0
-0.0,0.0
-0.0,0.0
-0.0,0.0
-0.0,0.0
-0.0,0.0
-0.0,0.0
-0.0,0.0
-0.0,0.0
-0.0,0.0
-0.0,0.0
-0.0,0.0
-0.0,0.0
-0.0,0.0
-0.0,0.0
-0.0,0.0
-0.0,0.0
-0.0,0.0
-0.0,0.0
-0.0,0.0
-0.0,0.0
-0.0,0.0
-0.0,0.0
-0.0,0.0
-0.0,0.0
-0.0,0.0
-0.0,0.0
-0.0,0.0
-0.0,0.0
-0.0,0.0
-0.0,0.0
-0.0,0.0
-0.0,0.0
-0.0,0.0
-0.0,0.0
-0.0,0.0
-0.0,0.0
-0.0,0.0
-0.0,0.0
-0.0,0.0
-0.0,0.0
-0.0,0.0
-0.0,0.0
-0.0,0.0
-0.0,0.0
-0.0,0.0
-0.0,0.0
-0.0,0.0
-0.0,0.0
-0.0,0.0
-0.0,0.0
-0.0,0.0
-0.0,0.0
-0.0,0.0
-0.0,0.0
-0.0,0.0
-0.0,0.0
-0.0,0.0
-0.0,0.0
-0.0,0.0
-0.0,0.0
-0.0,0.0
-0.0,0.0
-0.0,0.0
-0.0,0.0
-0.0,0.0
-0.0,0.0
-0.0,0.0
-0.0,0.0
-0.0,0.0
-0.0,0.0
-0.0,0.0
-0.0,0.0
-0.0,0.0
-0.0,0.0
-0.0,0.0
-0.0,0.0
-0.0,0.0
-0.0,0.0
-0.0,0.0
-0.0,0.0
-0.0,0.0
-0.0,0.0
-0.0,0.0
-0.0,0.0
-0.0,0.0
-0.0,0.0
-0.0,0.0
-0.0,0.0
-0.0,0.0
-0.0,0.0
-0.0,0.0
-0.0,0.0
-0.0,0.0
-0.0,0.0
-0.0,0.0
-0.0,0.0
-0.0,0.0
-0.0,0.0
-0.0,0.0
-0.0,0.0
-0.0,0.0
-0.0,0.0
-0.0,0.0
-0.0,0.0
-0.0,0.0
-0.0,0.0
-0.0,0.0
-0.0,0.0
-0.0,0.0
-0.0,0.0
-0.0,0.0
-0.0,0.0
-0.0,0.0
-0.0,0.0
-0.0,0.0
-0.0,0.0
-0.0,0.0
-0.0,0.0
-0.0,0.0
-0.0,0.0
-0.0,0.0
-0.0,0.0
-0.0,0.0
-0.0,0.0
-0.0,0.0
-0.0,0.0
-0.0,0.0
-0.0,0.0
-0.0,0.0
-0.0,0.0
-0.0,0.0
-0.0,0.0
-0.0,0.0
-0.0,0.0
-0.0,0.0
-0.0,0.0
-0.0,0.0
-0.0,0.0
-0.0,0.0
-0.0,0.0
-0.0,0.0
-0.0,0.0
-0.0,0.0
-0.0,0.0
-0.0,0.0
-0.0,0.0
-0.0,0.0
-0.0,0.0
-0.0,0.0
-0.0,0.0
-0.0,0.0
-0.0,0.0
-0.0,0.0
-0.0,0.0
-0.0,0.0
-0.0,0.0
-0.0,0.0
-0.0,0.0
-0.0,0.0
-0.0,0.0
-0.0,0.0
-0.0,0.0
-0.0,0.0
-0.0,0.0
-0.0,0.0
-0.0,0.0
-0.0,0.0
-0.0,0.0
-0.0,0.0
-0.0,0.0
-0.0,0.0
-0.0,0.0
-0.0,0.0
-0.0,0.0
-0.0,0.0
-0.0,0.0
-0.0,0.0
-0.0,0.0
-0.0,0.0
-0.0,0.0
-0.0,0.0
-0.0,0.0
-0.0,0.0
-0.0,0.0
-0.0,0.0
-0.0,0.0
-0.0,0.0
-0.0,0.0
-0.0,0.0
-0.0,0.0
-0.0,0.0
-0.0,0.0
-0.0,0.0
-0.0,0.0
-0.0,0.0
-0.0,0.0
-0.0,0.0
-0.0,0.0
-0.0,0.0
-0.0,0.0
-0.0,0.0
-0.0,0.0
-0.0,0.0
-0.0,0.0
-0.0,0.0
-0.0,0.0
-0.0,0.0
-0.0,0.0
-0.0,0.0
-0.0,0.0
-0.0,0.0
-0.0,0.0
-0.0,0.0
-0.0,0.0
-0.0,0.0
-0.0,0.0
-0.0,0.0
-0.0,0.0
-0.0,0.0
-0.0,0.0
-0.0,0.0
-0.0,0.0
-0.0,0.0
-0.0,0.0
-0.0,0.0
-0.0,0.0
-0.0,0.0
-0.0,0.0
-0.0,0.0
-0.0,0.0
-0.0,0.0
-0.0,0.0
-0.0,0.0
-0.0,0.0
-0.0,0.0
-0.0,0.0
-0.0,0.0
-0.0,0.0
-0.0,0.0
-0.0,0.0
-0.0,0.0
-0.0,0.0
-0.0,0.0
-0.0,0.0
-0.0,0.0
-0.0,0.0
-0.0,0.0
-0.0,0.0
-0.0,0.0
-0.0,0.0
-0.0,0.0
-0.0,0.0
-0.0,0.0
-0.0,0.0
-0.0,0.0
-0.0,0.0
-0.0,0.0
-0.0,0.0
-0.0,0.0
-0.0,0.0
-0.0,0.0
-0.0,0.0
-0.0,0.0
-0.0,0.0
-0.0,0.0
-0.0,0.0
-0.0,0.0
-0.0,0.0
-0.0,0.0
-0.0,0.0
-0.0,0.0
-0.0,0.0
-0.0,0.0
-0.0,0.0
-0.0,0.0
-0.0,0.0
-0.0,0.0
-0.0,0.0
-0.0,0.0
-0.0,0.0
-0.0,0.0
-0.0,0.0
-0.0,0.0
-0.0,0.0
-0.0,0.0
-0.0,0.0
-0.0,0.0
-0.0,0.0
-0.0,0.0
-0.0,0.0
-0.0,0.0
-0.0,0.0
-0.0,0.0
-0.0,0.0
-0.0,0.0
-0.0,0.0
-0.0,0.0
-0.0,0.0
-0.0,0.0
-0.0,0.0
-0.0,0.0
-0.0,0.0
-0.0,0.0
-0.0,0.0
-0.0,0.0
-0.0,0.0
-0.0,0.0
-0.0,0.0
-0.0,0.0
-0.0,0.0
-0.0,0.0
-0.0,0.0
-0.0,0.0
-0.0,0.0
-0.0,0.0
-0.0,0.0
-0.0,0.0
-0.0,0.0
-0.0,0.0
-0.0,0.0
-0.0,0.0
-0.0,0.0
-0.0,0.0
-0.0,0.0
-0.0,0.0
-0.0,0.0
-0.0,0.0
-0.0,0.0
-0.0,0.0
-0.0,0.0
-0.0,0.0
-0.0,0.0
-0.0,0.0
-0.0,0.0
-0.0,0.0
-0.0,0.0
-0.0,0.0
-0.0,0.0
-0.0,0.0
-0.0,0.0
-0.0,0.0
-0.0,0.0
-0.0,0.0
-0.0,0.0
-0.0,0.0
-0.0,0.0
-0.0,0.0
-0.0,0.0
-0.0,0.0
-0.0,0.0
-0.0,0.0
-0.0,0.0
-0.0,0.0
-0.0,0.0
-0.0,0.0
-0.0,0.0
-0.0,0.0
-0.0,0.0
-0.0,0.0
-0.0,0.0
-0.0,0.0
-0.0,0.0
-0.0,0.0
-0.0,0.0
-0.0,0.0
-0.0,0.0
-0.0,0.0
-0.0,0.0
-0.0,0.0
-0.0,0.0
-0.0,0.0
-0.0,0.0
-0.0,0.0
-0.0,0.0
-0.0,0.0
-0.0,0.0
-0.0,0.0
-0.0,0.0
-0.0,0.0
-0.0,0.0
-0.0,0.0
-0.0,0.0
-0.0,0.0
-0.0,0.0
-0.0,0.0
-0.0,0.0
-0.0,0.0
-0.0,0.0
-0.0,0.0
-0.0,0.0
-0.0,0.0
-0.0,0.0
-0.0,0.0
-0.0,0.0
-0.0,0.0
-0.0,0.0
-0.0,0.0
-0.0,0.0
-0.0,0.0
-0.0,0.0
-0.0,0.0
-0.0,0.0
-0.0,0.0
-0.0,0.0
-0.0,0.0
-0.0,0.0
-0.0,0.0
-0.0,0.0
-0.0,0.0
-0.0,0.0
-0.0,0.0
-0.0,0.0
-0.0,0.0
-0.0,0.0
-0.0,0.0
-0.0,0.0
-0.0,0.0
-0.0,0.0
-0.0,0.0
-0.0,0.0
-0.0,0.0
-0.0,0.0
-0.0,0.0
-0.0,0.0
-0.0,0.0
-0.0,0.0
-0.0,0.0
-0.0,0.0
-0.0,0.0
-0.0,0.0
-0.0,0.0
-0.0,0.0
-0.0,0.0
-0.0,0.0
-0.0,0.0
-0.0,0.0
-0.0,0.0
-0.0,0.0
-0.0,0.0
-0.0,0.0
-0.0,0.0
-0.0,0.0
-0.0,0.0
-0.0,0.0
-0.0,0.0
-0.0,0.0
-0.0,0.0
-0.0,0.0
-0.0,0.0
-0.0,0.0
-0.0,0.0
-0.0,0.0
-0.0,0.0
-0.0,0.0
-0.0,0.0
-0.0,0.0
-0.0,0.0
-0.0,0.0
-0.0,0.0
-0.0,0.0
-0.0,0.0
-0.0,0.0
-0.0,0.0
-0.0,0.0
-0.0,0.0
-0.0,0.0
-0.0,0.0
-0.0,0.0
-0.0,0.0
-0.0,0.0
-0.0,0.0
-0.0,0.0
-0.0,0.0
-0.0,0.0
-0.0,0.0
-0.0,0.0
-0.0,0.0
-0.0,0.0
-0.0,0.0
-0.0,0.0
-0.0,0.0
-0.0,0.0
-0.0,0.0
-0.0,0.0
-0.0,0.0
-0.0,0.0
-0.0,0.0
-0.0,0.0
-0.0,0.0
-0.0,0.0
-0.0,0.0
-0.0,0.0
-0.0,0.0
-0.0,0.0
-0.0,0.0
-0.0,0.0
-0.0,0.0
-0.0,0.0
-0.0,0.0
-0.0,0.0
-0.0,0.0
-0.0,0.0
-0.0,0.0
-0.0,0.0
-0.0,0.0
-0.0,0.0
-0.0,0.0
-0.0,0.0
-0.0,0.0
-0.0,0.0
-0.0,0.0
-0.0,0.0
-0.0,0.0
-0.0,0.0
-0.0,0.0
-0.0,0.0
-0.0,0.0
-0.0,0.0
-0.0,0.0
-0.0,0.0
-0.0,0.0
-0.0,0.0
-0.0,0.0
-0.0,0.0
-0.0,0.0
-0.0,0.0
-0.0,0.0
-0.0,0.0
-0.0,0.0
-0.0,0.0
-0.0,0.0
-0.0,0.0
-0.0,0.0
-0.0,0.0
-0.0,0.0
-0.0,0.0
-0.0,0.0
-0.0,0.0
-0.0,0.0
-0.0,0.0
-0.0,0.0
-0.0,0.0
-0.0,0.0
-0.0,0.0
-0.0,0.0
-0.0,0.0
-0.0,0.0
-0.0,0.0
-0.0,0.0
-0.0,0.0
-0.0,0.0
-0.0,0.0
-0.0,0.0
-0.0,0.0
-0.0,0.0
-0.0,0.0
-0.0,0.0
-0.0,0.0
-0.0,0.0
-0.0,0.0
-0.0,0.0
-0.0,0.0
-0.0,0.0
-0.0,0.0
-0.0,0.0
-0.0,0.0
-0.0,0.0
-0.0,0.0
-0.0,0.0
-0.0,0.0
-0.0,0.0
-0.0,0.0
-0.0,0.0
-0.0,0.0
-0.0,0.0
-0.0,0.0
-0.0,0.0
-0.0,0.0
-0.0,0.0
-0.0,0.0
-0.0,0.0
-0.0,0.0
-0.0,0.0
-0.0,0.0
-0.0,0.0
-0.0,0.0
-0.0,0.0
-0.0,0.0
-0.0,0.0
-0.0,0.0
-0.0,0.0
-0.0,0.0
-0.0,0.0
-0.0,0.0
-0.0,0.0
-0.0,0.0
-0.0,0.0
-0.0,0.0
-0.0,0.0
-0.0,0.0
-0.0,0.0
-0.0,0.0
-0.0,0.0
-0.0,0.0
-0.0,0.0
-0.0,0.0
-0.0,0.0
-0.0,0.0
-0.0,0.0
-0.0,0.0
-0.0,0.0
-0.0,0.0
-0.0,0.0
-0.0,0.0
-0.0,0.0
-0.0,0.0
-0.0,0.0
-0.0,0.0
-0.0,0.0
-0.0,0.0
-0.0,0.0
-0.0,0.0
-0.0,0.0
-0.0,0.0
-0.0,0.0
-0.0,0.0
-0.0,0.0
-0.0,0.0
-0.0,0.0
-0.0,0.0
-0.0,0.0
-0.0,0.0
-0.0,0.0
-0.0,0.0
-0.0,0.0
-0.0,0.0
-0.0,0.0
-0.0,0.0
-0.0,0.0
-0.0,0.0
-0.0,0.0
-0.0,0.0
-0.0,0.0
-0.0,0.0
-0.0,0.0
-0.0,0.0
-0.0,0.0
-0.0,0.0
-0.0,0.0
-0.0,0.0
-0.0,0.0
-0.0,0.0
-0.0,0.0
-0.0,0.0
-0.0,0.0
-0.0,0.0
-0.0,0.0
-0.0,0.0
-0.0,0.0
-0.0,0.0
-0.0,0.0
-0.0,0.0
-0.0,0.0
-0.0,0.0
-0.0,0.0
-0.0,0.0
-0.0,0.0
-0.0,0.0
-0.0,0.0
-0.0,0.0
-0.0,0.0
-0.0,0.0
-0.0,0.0
-0.0,0.0
-0.0,0.0
-0.0,0.0
-0.0,0.0
-0.0,0.0
-0.0,0.0
-0.0,0.0
-0.0,0.0
-0.0,0.0
-0.0,0.0
-0.0,0.0
-0.0,0.0
-0.0,0.0
-0.0,0.0
-0.0,0.0
-0.0,0.0
-0.0,0.0
-0.0,0.0
-0.0,0.0
-0.0,0.0
-0.0,0.0
-0.0,0.0
-0.0,0.0
-0.0,0.0
-0.0,0.0
-0.0,0.0
-0.0,0.0
-0.0,0.0
-0.0,0.0
-0.0,0.0
-0.0,0.0
-0.0,0.0
-0.0,0.0
-0.0,0.0
-0.0,0.0
-0.0,0.0
-0.0,0.0
-0.0,0.0
-0.0,0.0
-0.0,0.0
-0.0,0.0
-0.0,0.0
-0.0,0.0
-0.0,0.0
-0.0,0.0
-0.0,0.0
-0.0,0.0
-0.0,0.0
-0.0,0.0
-0.0,0.0
-0.0,0.0
-0.0,0.0
-0.0,0.0
-0.0,0.0
-0.0,0.0
-0.0,0.0
-0.0,0.0
-0.0,0.0
-0.0,0.0
-0.0,0.0
-0.0,0.0
-0.0,0.0
-0.0,0.0
-0.0,0.0
-0.0,0.0
-0.0,0.0
-0.0,0.0
-0.0,0.0
-0.0,0.0
-0.0,0.0
-0.0,0.0
-0.0,0.0
-0.0,0.0
-0.0,0.0
-0.0,0.0
-0.0,0.0
-0.0,0.0
-0.0,0.0
-0.0,0.0
-0.0,0.0
-0.0,0.0
-0.0,0.0
-0.0,0.0
-0.0,0.0
-0.0,0.0
-0.0,0.0
-0.0,0.0
-0.0,0.0
-0.0,0.0
-0.0,0.0
-0.0,0.0
-0.0,0.0
-0.0,0.0
-0.0,0.0
-0.0,0.0
-0.0,0.0
-0.0,0.0
-0.0,0.0
-0.0,0.0
-0.0,0.0
-0.0,0.0
-0.0,0.0
-0.0,0.0
-0.0,0.0
-0.0,0.0
-0.0,0.0
-0.0,0.0
-0.0,0.0
-0.0,0.0
-0.0,0.0
-0.0,0.0
-0.0,0.0
-0.0,0.0
-0.0,0.0
-0.0,0.0
-0.0,0.0
-0.0,0.0
-0.0,0.0
-0.0,0.0
-0.0,0.0
-0.0,0.0
-0.0,0.0
-0.0,0.0
-0.0,0.0
-0.0,0.0
-0.0,0.0
-0.0,0.0
-0.0,0.0
-0.0,0.0
-0.0,0.0
-0.0,0.0
-0.0,0.0
-0.0,0.0
-0.0,0.0
-0.0,0.0
-0.0,0.0
-0.0,0.0
-0.0,0.0
-0.0,0.0
-0.0,0.0
-0.0,0.0
-0.0,0.0
-0.0,0.0
-0.0,0.0
-0.0,0.0
-0.0,0.0
-0.0,0.0
-0.0,0.0
-0.0,0.0
-0.0,0.0
-0.0,0.0
-0.0,0.0
-0.0,0.0
-0.0,0.0
-0.0,0.0
-0.0,0.0
-0.0,0.0
-0.0,0.0
-0.0,0.0
-0.0,0.0
-0.0,0.0
-0.0,0.0
-0.0,0.0
-0.0,0.0
-0.0,0.0
-0.0,0.0
-0.0,0.0
-0.0,0.0
-0.0,0.0
-0.0,0.0
-0.0,0.0
-0.0,0.0
-0.0,0.0
-0.0,0.0
-0.0,0.0
-0.0,0.0
-0.0,0.0
-0.0,0.0
-0.0,0.0
-0.0,0.0
-0.0,0.0
-0.0,0.0
-0.0,0.0
-0.0,0.0
-0.0,0.0
-0.0,0.0
-0.0,0.0
-0.0,0.0
-0.0,0.0
-0.0,0.0
-0.0,0.0
-0.0,0.0
-0.0,0.0
-0.0,0.0
-0.0,0.0
-0.0,0.0
-0.0,0.0
-0.0,0.0
-0.0,0.0
-0.0,0.0
-0.0,0.0
-0.0,0.0
-0.0,0.0
-0.0,0.0
-0.0,0.0
-0.0,0.0
-0.0,0.0
-0.0,0.0
-0.0,0.0
-0.0,0.0
-0.0,0.0
-0.0,0.0
-0.0,0.0
-0.0,0.0
-0.0,0.0
-0.0,0.0
-0.0,0.0
-0.0,0.0
-0.0,0.0
-0.0,0.0
-0.0,0.0
-0.0,0.0
-0.0,0.0
-0.0,0.0
-0.0,0.0
-0.0,0.0
-0.0,0.0
-0.0,0.0
-0.0,0.0
-0.0,0.0
-0.0,0.0
-0.0,0.0
-0.0,0.0
-0.0,0.0
-0.0,0.0
-0.0,0.0
-0.0,0.0
-0.0,0.0
-0.0,0.0
-0.0,0.0
-0.0,0.0
-0.0,0.0
-0.0,0.0
-0.0,0.0
-0.0,0.0
-0.0,0.0
-0.0,0.0
-0.0,0.0
-0.0,0.0
-0.0,0.0
-0.0,0.0
-0.0,0.0
-0.0,0.0
-0.0,0.0
-0.0,0.0
-0.0,0.0
-0.0,0.0
-0.0,0.0
-0.0,0.0
-0.0,0.0
-0.0,0.0
-0.0,0.0
-0.0,0.0
-0.0,0.0
-0.0,0.0
-0.0,0.0
-0.0,0.0
-0.0,0.0
-0.0,0.0
-0.0,0.0
-0.0,0.0
-0.0,0.0
-0.0,0.0
-0.0,0.0
-0.0,0.0
-0.0,0.0
-0.0,0.0
-0.0,0.0
-0.0,0.0
-0.0,0.0
-0.0,0.0
-0.0,0.0
-0.0,0.0
-0.0,0.0
-0.0,0.0
-0.0,0.0
-0.0,0.0
-0.0,0.0
-0.0,0.0
-0.0,0.0
-0.0,0.0
-0.0,0.0
-0.0,0.0
-0.0,0.0
-0.0,0.0
-0.0,0.0
-0.0,0.0
-0.0,0.0
-0.0,0.0
-0.0,0.0
-0.0,0.0
-0.0,0.0
-0.0,0.0
-0.0,0.0
-0.0,0.0
-0.0,0.0
-0.0,0.0
-0.0,0.0
-0.0,0.0
-0.0,0.0
-0.0,0.0
-0.0,0.0
-0.0,0.0
-0.0,0.0
-0.0,0.0
-0.0,0.0
-0.0,0.0
-0.0,0.0
-0.0,0.0
-0.0,0.0
-0.0,0.0
-0.0,0.0
-0.0,0.0
-0.0,0.0
-0.0,0.0
-0.0,0.0
-0.0,0.0
-0.0,0.0
-0.0,0.0
-0.0,0.0
-0.0,0.0
-0.0,0.0
-0.0,0.0
-0.0,0.0
-0.0,0.0
-0.0,0.0
-0.0,0.0
-0.0,0.0
-0.0,0.0
-0.0,0.0
-0.0,0.0
-0.0,0.0
-0.0,0.0
-0.0,0.0
-0.0,0.0
-0.0,0.0
-0.0,0.0
-0.0,0.0
-0.0,0.0
-0.0,0.0
-0.0,0.0
-0.0,0.0
-0.0,0.0
-0.0,0.0
-0.0,0.0
-0.0,0.0
-0.0,0.0
-0.0,0.0
-0.0,0.0
-0.0,0.0
-0.0,0.0
-0.0,0.0
-0.0,0.0
-0.0,0.0
-0.0,0.0
-0.0,0.0
-0.0,0.0
-0.0,0.0
-0.0,0.0
-0.0,0.0
-0.0,0.0
-0.0,0.0
-0.0,0.0
-0.0,0.0
-0.0,0.0
-0.0,0.0
-0.0,0.0
-0.0,0.0
-0.0,0.0
-0.0,0.0
-0.0,0.0
-0.0,0.0
-0.0,0.0
-0.0,0.0
-0.0,0.0
-0.0,0.0
-0.0,0.0
-0.0,0.0
-0.0,0.0
-0.0,0.0
-0.0,0.0
-0.0,0.0
-0.0,0.0
-0.0,0.0
-0.0,0.0
-0.0,0.0
-0.0,0.0
-0.0,0.0
-0.0,0.0
-0.0,0.0
-0.0,0.0
-0.0,0.0
-0.0,0.0
-0.0,0.0
-0.0,0.0
-0.0,0.0
-0.0,0.0
-0.0,0.0
-0.0,0.0
-0.0,0.0
-0.0,0.0
-0.0,0.0
-0.0,0.0
-0.0,0.0
-0.0,0.0
-0.0,0.0
-0.0,0.0
-0.0,0.0
-0.0,0.0
-0.0,0.0
-0.0,0.0
-0.0,0.0
-0.0,0.0
-0.0,0.0
-0.0,0.0
-0.0,0.0
-0.0,0.0
-0.0,0.0
-0.0,0.0
-0.0,0.0
-0.0,0.0
-0.0,0.0
-0.0,0.0
-0.0,0.0
-0.0,0.0
-0.0,0.0
-0.0,0.0
-0.0,0.0
-0.0,0.0
-0.0,0.0
-0.0,0.0
-0.0,0.0
-0.0,0.0
-0.0,0.0
-0.0,0.0
-0.0,0.0
-0.0,0.0
-0.0,0.0
-0.0,0.0
-0.0,0.0
-0.0,0.0
-0.0,0.0
-0.0,0.0
-0.0,0.0
-0.0,0.0
-0.0,0.0
-0.0,0.0
-0.0,0.0
-0.0,0.0
-0.0,0.0
-0.0,0.0
-0.0,0.0
-0.0,0.0
-0.0,0.0
-0.0,0.0
-0.0,0.0
-0.0,0.0
-0.0,0.0
-0.0,0.0
-0.0,0.0
-0.0,0.0
-0.0,0.0
-0.0,0.0
-0.0,0.0
-0.0,0.0
-0.0,0.0
-0.0,0.0
-0.0,0.0
-0.0,0.0
-0.0,0.0
-0.0,0.0
-0.0,0.0
-0.0,0.0
-0.0,0.0
-0.0,0.0
-0.0,0.0
-0.0,0.0
-0.0,0.0
-0.0,0.0
-0.0,0.0
-0.0,0.0
-0.0,0.0
-0.0,0.0
-0.0,0.0
-0.0,0.0
-0.0,0.0
-0.0,0.0
-0.0,0.0
-0.0,0.0
-0.0,0.0
-0.0,0.0
-0.0,0.0
-0.0,0.0
-0.0,0.0
-0.0,0.0
-0.0,0.0
-0.0,0.0
-0.0,0.0
-0.0,0.0
-0.0,0.0
-0.0,0.0
-0.0,0.0
-0.0,0.0
-0.0,0.0
-0.0,0.0
-0.0,0.0
-0.0,0.0
-0.0,0.0
-0.0,0.0
-0.0,0.0
-0.0,0.0
-0.0,0.0
-0.0,0.0
-0.0,0.0
-0.0,0.0
-0.0,0.0
-0.0,0.0
-0.0,0.0
-0.0,0.0
-0.0,0.0
-0.0,0.0
-0.0,0.0
-0.0,0.0
-0.0,0.0
-0.0,0.0
-0.0,0.0
-0.0,0.0
-0.0,0.0
-0.0,0.0
-0.0,0.0
-0.0,0.0
-0.0,0.0
-0.0,0.0
-0.0,0.0
-0.0,0.0
-0.0,0.0
-0.0,0.0
-0.0,0.0
-0.0,0.0
-0.0,0.0
-0.0,0.0
-0.0,0.0
-0.0,0.0
-0.0,0.0
-0.0,0.0
-0.0,0.0
-0.0,0.0
-0.0,0.0
-0.0,0.0
-0.0,0.0
-0.0,0.0
-0.0,0.0
-0.0,0.0
-0.0,0.0
-0.0,0.0
-0.0,0.0
-0.0,0.0
-0.0,0.0
-0.0,0.0
-0.0,0.0
-0.0,0.0
-0.0,0.0
-0.0,0.0
-0.0,0.0
-0.0,0.0
-0.0,0.0
-0.0,0.0
-0.0,0.0
-0.0,0.0
-0.0,0.0
-0.0,0.0
-0.0,0.0
-0.0,0.0
-0.0,0.0
-0.0,0.0
-0.0,0.0
-0.0,0.0
-0.0,0.0
-0.0,0.0
-0.0,0.0
-0.0,0.0
-0.0,0.0
-0.0,0.0
-0.0,0.0
-0.0,0.0
-0.0,0.0
-0.0,0.0
-0.0,0.0
-0.0,0.0
-0.0,0.0
-0.0,0.0
-0.0,0.0
-0.0,0.0
-0.0,0.0
-0.0,0.0
-0.0,0.0
-0.0,0.0
-0.0,0.0
-0.0,0.0
-0.0,0.0
-0.0,0.0
-0.0,0.0
-0.0,0.0
-0.0,0.0
-0.0,0.0
-0.0,0.0
-0.0,0.0
-0.0,0.0
-0.0,0.0
-0.0,0.0
-0.0,0.0
-0.0,0.0
-0.0,0.0
-0.0,0.0
-0.0,0.0
-0.0,0.0
-0.0,0.0
-0.0,0.0
-0.0,0.0
-0.0,0.0
-0.0,0.0
-0.0,0.0
-0.0,0.0
-0.0,0.0
-0.0,0.0
-0.0,0.0
-0.0,0.0
-0.0,0.0
-0.0,0.0
-0.0,0.0
-0.0,0.0
-0.0,0.0
-0.0,0.0
-0.0,0.0
-0.0,0.0
-0.0,0.0
-0.0,0.0
-0.0,0.0
-0.0,0.0
-0.0,0.0
-0.0,0.0
-0.0,0.0
-0.0,0.0
-0.0,0.0
-0.0,0.0
-0.0,0.0
-0.0,0.0
-0.0,0.0
-0.0,0.0
-0.0,0.0
-0.0,0.0
-0.0,0.0
-0.0,0.0
-0.0,0.0
-0.0,0.0
-0.0,0.0
-0.0,0.0
-0.0,0.0
-0.0,0.0
-0.0,0.0
-0.0,0.0
-0.0,0.0
-0.0,0.0
-0.0,0.0
-0.0,0.0
-0.0,0.0
-0.0,0.0
-0.0,0.0
-0.0,0.0
-0.0,0.0
-0.0,0.0
-0.0,0.0
-0.0,0.0
-0.0,0.0
-0.0,0.0
-0.0,0.0
-0.0,0.0
-0.0,0.0
-0.0,0.0
-0.0,0.0
-0.0,0.0
-0.0,0.0
-0.0,0.0
-0.0,0.0
-0.0,0.0
-0.0,0.0
-0.0,0.0
-0.0,0.0
-0.0,0.0
-0.0,0.0
-0.0,0.0
-0.0,0.0
-0.0,0.0
-0.0,0.0
-0.0,0.0
-0.0,0.0
-0.0,0.0
-0.0,0.0
-0.0,0.0
-0.0,0.0
-0.0,0.0
-0.0,0.0
-0.0,0.0
-0.0,0.0
-0.0,0.0
-0.0,0.0
-0.0,0.0
-0.0,0.0
-0.0,0.0
-0.0,0.0
-0.0,0.0
-0.0,0.0
-0.0,0.0
-0.0,0.0
-0.0,0.0
-0.0,0.0
-0.0,0.0
-0.0,0.0
-0.0,0.0
-0.0,0.0
-0.0,0.0
-0.0,0.0
-0.0,0.0
-0.0,0.0
-0.0,0.0
-0.0,0.0
-0.0,0.0
-0.0,0.0
-0.0,0.0
-0.0,0.0
-0.0,0.0
-0.0,0.0
-0.0,0.0
-0.0,0.0
-0.0,0.0
-0.0,0.0
-0.0,0.0
-0.0,0.0
-0.0,0.0
-0.0,0.0
-0.0,0.0
-0.0,0.0
-0.0,0.0
-0.0,0.0
-0.0,0.0
-0.0,0.0
-0.0,0.0
-0.0,0.0
-0.0,0.0
-0.0,0.0
-0.0,0.0
-0.0,0.0
-0.0,0.0
-0.0,0.0
-0.0,0.0
-0.0,0.0
-0.0,0.0
-0.0,0.0
-0.0,0.0
-0.0,0.0
-0.0,0.0
-0.0,0.0
-0.0,0.0
-0.0,0.0
-0.0,0.0
-0.0,0.0
-0.0,0.0
-0.0,0.0
-0.0,0.0
-0.0,0.0
-0.0,0.0
-0.0,0.0
-0.0,0.0
-0.0,0.0
-0.0,0.0
-0.0,0.0
-0.0,0.0
-0.0,0.0
-0.0,0.0
-0.0,0.0
-0.0,0.0
-0.0,0.0
-0.0,0.0
-0.0,0.0
-0.0,0.0
-0.0,0.0
-0.0,0.0
-0.0,0.0
-0.0,0.0
-0.0,0.0
-0.0,0.0
-0.0,0.0
-0.0,0.0
-0.0,0.0
-0.0,0.0
-0.0,0.0
-0.0,0.0
-0.0,0.0
-0.0,0.0
-0.0,0.0
-0.0,0.0
-0.0,0.0
-0.0,0.0
-0.0,0.0
-0.0,0.0
-0.0,0.0
-0.0,0.0
-0.0,0.0
-0.0,0.0
-0.0,0.0
-0.0,0.0
-0.0,0.0
-0.0,0.0
-0.0,0.0
-0.0,0.0
-0.0,0.0
-0.0,0.0
-0.0,0.0
-0.0,0.0
-0.0,0.0
-0.0,0.0
-0.0,0.0
-0.0,0.0
-0.0,0.0
-0.0,0.0
-0.0,0.0
-0.0,0.0
-0.0,0.0
-0.0,0.0
-0.0,0.0
-0.0,0.0
-0.0,0.0
-0.0,0.0
-0.0,0.0
-0.0,0.0
-0.0,0.0
-0.0,0.0
-0.0,0.0
-0.0,0.0
-0.0,0.0
-0.0,0.0
-0.0,0.0
-0.0,0.0
-0.0,0.0
-0.0,0.0
-0.0,0.0
-0.0,0.0
-0.0,0.0
-0.0,0.0
-0.0,0.0
-0.0,0.0
-0.0,0.0
-0.0,0.0
-0.0,0.0
-0.0,0.0
-0.0,0.0
-0.0,0.0
-0.0,0.0
-0.0,0.0
-0.0,0.0
-0.0,0.0
-0.0,0.0
-0.0,0.0
-0.0,0.0
-0.0,0.0
-0.0,0.0
-0.0,0.0
-0.0,0.0
-0.0,0.0
-0.0,0.0
-0.0,0.0
-0.0,0.0
-0.0,0.0
-0.0,0.0
-0.0,0.0
-0.0,0.0
-0.0,0.0
-0.0,0.0
-0.0,0.0
-0.0,0.0
-0.0,0.0
-0.0,0.0
-0.0,0.0
-0.0,0.0
-0.0,0.0
-0.0,0.0
-0.0,0.0
-0.0,0.0
-0.0,0.0
-0.0,0.0
-0.0,0.0
-0.0,0.0
-0.0,0.0
-0.0,0.0
-0.0,0.0
-0.0,0.0
-0.0,0.0
-0.0,0.0
-0.0,0.0
-0.0,0.0
-0.0,0.0
-0.0,0.0
-0.0,0.0
-0.0,0.0
-0.0,0.0
-0.0,0.0
-0.0,0.0
-0.0,0.0
-0.0,0.0
-0.0,0.0
-0.0,0.0
-0.0,0.0
-0.0,0.0
-0.0,0.0
-0.0,0.0
-0.0,0.0
-0.0,0.0
-0.0,0.0
-0.0,0.0
-0.0,0.0
-0.0,0.0
-0.0,0.0
-0.0,0.0
-0.0,0.0
-0.0,0.0
-0.0,0.0
-0.0,0.0
-0.0,0.0
-0.0,0.0
-0.0,0.0
-0.0,0.0
-0.0,0.0
-0.0,0.0
-0.0,0.0
-0.0,0.0
-0.0,0.0
-0.0,0.0
-0.0,0.0
-0.0,0.0
-0.0,0.0
-0.0,0.0
-0.0,0.0
-0.0,0.0
-0.0,0.0
-0.0,0.0
-0.0,0.0
-0.0,0.0
-0.0,0.0
-0.0,0.0
-0.0,0.0
-0.0,0.0
-0.0,0.0
-0.0,0.0
-0.0,0.0
-0.0,0.0
-0.0,0.0
-0.0,0.0
-0.0,0.0
-0.0,0.0
-0.0,0.0
-0.0,0.0
-0.0,0.0
-0.0,0.0
-0.0,0.0
-0.0,0.0
-0.0,0.0
-0.0,0.0
-0.0,0.0
-0.0,0.0
-0.0,0.0
-0.0,0.0
-0.0,0.0
-0.0,0.0
-0.0,0.0
-0.0,0.0
-0.0,0.0
-0.0,0.0
-0.0,0.0
-0.0,0.0
-0.0,0.0
-0.0,0.0
-0.0,0.0
-0.0,0.0
-0.0,0.0
-0.0,0.0
-0.0,0.0
-0.0,0.0
-0.0,0.0
-0.0,0.0
-0.0,0.0
-0.0,0.0
-0.0,0.0
-0.0,0.0
-0.0,0.0
-0.0,0.0
-0.0,0.0
-0.0,0.0
-0.0,0.0
-0.0,0.0
-0.0,0.0
-0.0,0.0
-0.0,0.0
-0.0,0.0
-0.0,0.0
-0.0,0.0
-0.0,0.0
-0.0,0.0
-0.0,0.0
-0.0,0.0
-0.0,0.0
-0.0,0.0
-0.0,0.0
-0.0,0.0
-0.0,0.0
-0.0,0.0
-0.0,0.0
-0.0,0.0
-0.0,0.0
-0.0,0.0
-0.0,0.0
-0.0,0.0
-0.0,0.0
-0.0,0.0
-0.0,0.0
-0.0,0.0
-0.0,0.0
-0.0,0.0
-0.0,0.0
-0.0,0.0
-0.0,0.0
-0.0,0.0
-0.0,0.0
-0.0,0.0
-0.0,0.0
-0.0,0.0
-0.0,0.0
-0.0,0.0
-0.0,0.0
-0.0,0.0
-0.0,0.0
-0.0,0.0
-0.0,0.0
-0.0,0.0
-0.0,0.0
-0.0,0.0
-0.0,0.0
-0.0,0.0
-0.0,0.0
-0.0,0.0
-0.0,0.0
-0.0,0.0
-0.0,0.0
-0.0,0.0
-0.0,0.0
-0.0,0.0
-0.0,0.0
-0.0,0.0
-0.0,0.0
-0.0,0.0
-0.0,0.0
-0.0,0.0
-0.0,0.0
-0.0,0.0
-0.0,0.0
-0.0,0.0
-0.0,0.0
-0.0,0.0
-0.0,0.0
-0.0,0.0
-0.0,0.0
-0.0,0.0
-0.0,0.0
-0.0,0.0
-0.0,0.0
-0.0,0.0
-0.0,0.0
-0.0,0.0
-0.0,0.0
-0.0,0.0
-0.0,0.0
-0.0,0.0
-0.0,0.0
-0.0,0.0
-0.0,0.0
-0.0,0.0
-0.0,0.0
-0.0,0.0
-0.0,0.0
-0.0,0.0
-0.0,0.0
-0.0,0.0
-0.0,0.0
-0.0,0.0
-0.0,0.0
-0.0,0.0
-0.0,0.0
-0.0,0.0
-0.0,0.0
-0.0,0.0
-0.0,0.0
-0.0,0.0
-0.0,0.0
-0.0,0.0
-0.0,0.0
-0.0,0.0
-0.0,0.0
-0.0,0.0
-0.0,0.0
-0.0,0.0
-0.0,0.0
-0.0,0.0
-0.0,0.0
-0.0,0.0
-0.0,0.0
-0.0,0.0
-0.0,0.0
-0.0,0.0
-0.0,0.0
-0.0,0.0
-0.0,0.0
-0.0,0.0
-0.0,0.0
-0.0,0.0
-0.0,0.0
-0.0,0.0
-0.0,0.0
-0.0,0.0
-0.0,0.0
-0.0,0.0
-0.0,0.0
-0.0,0.0
-0.0,0.0
-0.0,0.0
-0.0,0.0
-0.0,0.0
-0.0,0.0
-0.0,0.0
-0.0,0.0
-0.0,0.0
-0.0,0.0
-0.0,0.0
-0.0,0.0
-0.0,0.0
-0.0,0.0
-0.0,0.0
-0.0,0.0
-0.0,0.0
-0.0,0.0
-0.0,0.0
-0.0,0.0
-0.0,0.0
-0.0,0.0
-0.0,0.0
-0.0,0.0
-0.0,0.0
-0.0,0.0
-0.0,0.0
-0.0,0.0
-0.0,0.0
-0.0,0.0
-0.0,0.0
-0.0,0.0
-0.0,0.0
-0.0,0.0
-0.0,0.0
-0.0,0.0
-0.0,0.0
-0.0,0.0
-0.0,0.0
-0.0,0.0
-0.0,0.0
-0.0,0.0
-0.0,0.0
-0.0,0.0
-0.0,0.0
-0.0,0.0
-0.0,0.0
-0.0,0.0
-0.0,0.0
-0.0,0.0
-0.0,0.0
-0.0,0.0
-0.0,0.0
-0.0,0.0
-0.0,0.0
-0.0,0.0
-0.0,0.0
-0.0,0.0
-0.0,0.0
-0.0,0.0
-0.0,0.0
-0.0,0.0
-0.0,0.0
-0.0,0.0
-0.0,0.0
-0.0,0.0
-0.0,0.0
-0.0,0.0
-0.0,0.0
-0.0,0.0
-0.0,0.0
-0.0,0.0
-0.0,0.0
-0.0,0.0
-0.0,0.0
-0.0,0.0
-0.0,0.0
-0.0,0.0
-0.0,0.0
-0.0,0.0
-0.0,0.0
-0.0,0.0
-0.0,0.0
-0.0,0.0
-0.0,0.0
-0.0,0.0
-0.0,0.0
-0.0,0.0
-0.0,0.0
-0.0,0.0
-0.0,0.0
-0.0,0.0
-0.0,0.0
-0.0,0.0
-0.0,0.0
-0.0,0.0
-0.0,0.0
-0.0,0.0
-0.0,0.0
-0.0,0.0
-0.0,0.0
-0.0,0.0
-0.0,0.0
-0.0,0.0
-0.0,0.0
-0.0,0.0
-0.0,0.0
-0.0,0.0
-0.0,0.0
-0.0,0.0
-0.0,0.0
-0.0,0.0
-0.0,0.0
-0.0,0.0
-0.0,0.0
-0.0,0.0
-0.0,0.0
-0.0,0.0
-0.0,0.0
-0.0,0.0
-0.0,0.0
-0.0,0.0
-0.0,0.0
-0.0,0.0
-0.0,0.0
-0.0,0.0
-0.0,0.0
-0.0,0.0
-0.0,0.0
-0.0,0.0
-0.0,0.0
-0.0,0.0
-0.0,0.0
-0.0,0.0
-0.0,0.0
-0.0,0.0
-0.0,0.0
-0.0,0.0
-0.0,0.0
-0.0,0.0
-0.0,0.0
-0.0,0.0
-0.0,0.0
-0.0,0.0
-0.0,0.0
-0.0,0.0
-0.0,0.0
-0.0,0.0
-0.0,0.0
-0.0,0.0
-0.0,0.0
-0.0,0.0
-0.0,0.0
-0.0,0.0
-0.0,0.0
-0.0,0.0
-0.0,0.0
-0.0,0.0
-0.0,0.0
-0.0,0.0
-0.0,0.0
-0.0,0.0
-0.0,0.0
-0.0,0.0
-0.0,0.0
-0.0,0.0
-0.0,0.0
-0.0,0.0
-0.0,0.0
-0.0,0.0
-0.0,0.0
-0.0,0.0
-0.0,0.0
-0.0,0.0
-0.0,0.0
-0.0,0.0
-0.0,0.0
-0.0,0.0
-0.0,0.0
-0.0,0.0
-0.0,0.0
-0.0,0.0
-0.0,0.0
-0.0,0.0
-0.0,0.0
-0.0,0.0
-0.0,0.0
-0.0,0.0
-0.0,0.0
-0.0,0.0
-0.0,0.0
-0.0,0.0
-0.0,0.0
-0.0,0.0
-0.0,0.0
-0.0,0.0
-0.0,0.0
-0.0,0.0
-0.0,0.0
-0.0,0.0
-0.0,0.0
-0.0,0.0
-0.0,0.0
-0.0,0.0
-0.0,0.0
-0.0,0.0
-0.0,0.0
-0.0,0.0
-0.0,0.0
-0.0,0.0
-0.0,0.0
-0.0,0.0
-0.0,0.0
-0.0,0.0
-0.0,0.0
-0.0,0.0
-0.0,0.0
-0.0,0.0
-0.0,0.0
-0.0,0.0
-0.0,0.0
-0.0,0.0
-0.0,0.0
-0.0,0.0
-0.0,0.0
-0.0,0.0
-0.0,0.0
-0.0,0.0
-0.0,0.0
-0.0,0.0
-0.0,0.0
-0.0,0.0
-0.0,0.0
-0.0,0.0
-0.0,0.0
-0.0,0.0
-0.0,0.0
-0.0,0.0
-0.0,0.0
-0.0,0.0
-0.0,0.0
-0.0,0.0
-0.0,0.0
-0.0,0.0
-0.0,0.0
-0.0,0.0
-0.0,0.0
-0.0,0.0
-0.0,0.0
-0.0,0.0
-0.0,0.0
-0.0,0.0
-0.0,0.0
-0.0,0.0
-0.0,0.0
-0.0,0.0
-0.0,0.0
-0.0,0.0
-0.0,0.0
-0.0,0.0
-0.0,0.0
-0.0,0.0
-0.0,0.0
-0.0,0.0
-0.0,0.0
-0.0,0.0
-0.0,0.0
-0.0,0.0
-0.0,0.0
-0.0,0.0
-0.0,0.0
-0.0,0.0
-0.0,0.0
-0.0,0.0
-0.0,0.0
-0.0,0.0
-0.0,0.0
-0.0,0.0
-0.0,0.0
-0.0,0.0
-0.0,0.0
-0.0,0.0
-0.0,0.0
-0.0,0.0
-0.0,0.0
-0.0,0.0
-0.0,0.0
-0.0,0.0
-0.0,0.0
-0.0,0.0
-0.0,0.0
-0.0,0.0
-0.0,0.0
-0.0,0.0
-0.0,0.0
-0.0,0.0
-0.0,0.0
-0.0,0.0
-0.0,0.0
-0.0,0.0
-0.0,0.0
-0.0,0.0
-0.0,0.0
-0.0,0.0
-0.0,0.0
-0.0,0.0
-0.0,0.0
-0.0,0.0
-0.0,0.0
-0.0,0.0
-0.0,0.0
-0.0,0.0
-0.0,0.0
-0.0,0.0
-0.0,0.0
-0.0,0.0
-0.0,0.0
-0.0,0.0
-0.0,0.0
-0.0,0.0
-0.0,0.0
-0.0,0.0
-0.0,0.0
-0.0,0.0
-0.0,0.0
-0.0,0.0
-0.0,0.0
-0.0,0.0
-0.0,0.0
-0.0,0.0
-0.0,0.0
-0.0,0.0
-0.0,0.0
-0.0,0.0
-0.0,0.0
-0.0,0.0
-0.0,0.0
-0.0,0.0
-0.0,0.0
-0.0,0.0
-0.0,0.0
-0.0,0.0
-0.0,0.0
-0.0,0.0
-0.0,0.0
-0.0,0.0
-0.0,0.0
-0.0,0.0
-0.0,0.0
-0.0,0.0
-0.0,0.0
-0.0,0.0
-0.0,0.0
-0.0,0.0
-0.0,0.0
-0.0,0.0
-0.0,0.0
-0.0,0.0
-0.0,0.0
-0.0,0.0
-0.0,0.0
-0.0,0.0
-0.0,0.0
-0.0,0.0
-0.0,0.0
-0.0,0.0
-0.0,0.0
-0.0,0.0
-0.0,0.0
-0.0,0.0
-0.0,0.0
-0.0,0.0
-0.0,0.0
-0.0,0.0
-0.0,0.0
-0.0,0.0
-0.0,0.0
-0.0,0.0
-0.0,0.0
-0.0,0.0
-0.0,0.0
-0.0,0.0
-0.0,0.0
-0.0,0.0
-0.0,0.0
-0.0,0.0
-0.0,0.0
-0.0,0.0
-0.0,0.0
-0.0,0.0
-0.0,0.0
-0.0,0.0
-0.0,0.0
-0.0,0.0
-0.0,0.0
-0.0,0.0
-0.0,0.0
-0.0,0.0
-0.0,0.0
-0.0,0.0
-0.0,0.0
-0.0,0.0
-0.0,0.0
-0.0,0.0
-0.0,0.0
-0.0,0.0
-0.0,0.0
-0.0,0.0
-0.0,0.0
-0.0,0.0
-0.0,0.0
-0.0,0.0
-0.0,0.0
-0.0,0.0
-0.0,0.0
-0.0,0.0
-0.0,0.0
-0.0,0.0
-0.0,0.0
-0.0,0.0
-0.0,0.0
-0.0,0.0
-0.0,0.0
-0.0,0.0
-0.0,0.0
-0.0,0.0
-0.0,0.0
-0.0,0.0
-0.0,0.0
-0.0,0.0
-0.0,0.0
-0.0,0.0
-0.0,0.0
-0.0,0.0
-0.0,0.0
-0.0,0.0
-0.0,0.0
-0.0,0.0
-0.0,0.0
-0.0,0.0
-0.0,0.0
-0.0,0.0
-0.0,0.0
-0.0,0.0
-0.0,0.0
-0.0,0.0
-0.0,0.0
-0.0,0.0
-0.0,0.0
-0.0,0.0
-0.0,0.0
-0.0,0.0
-0.0,0.0
-0.0,0.0
-0.0,0.0
-0.0,0.0
-0.0,0.0
-0.0,0.0
-0.0,0.0
-0.0,0.0
-0.0,0.0
-0.0,0.0
-0.0,0.0
-0.0,0.0
-0.0,0.0
-0.0,0.0
-0.0,0.0
-0.0,0.0
-0.0,0.0
-0.0,0.0
-0.0,0.0
-0.0,0.0
-0.0,0.0
-0.0,0.0
-0.0,0.0
-0.0,0.0
-0.0,0.0
-0.0,0.0
-0.0,0.0
-0.0,0.0
-0.0,0.0
-0.0,0.0
-0.0,0.0
-0.0,0.0
-0.0,0.0
-0.0,0.0
-0.0,0.0
-0.0,0.0
-0.0,0.0
-0.0,0.0
-0.0,0.0
-0.0,0.0
-0.0,0.0
-0.0,0.0
-0.0,0.0
-0.0,0.0
-0.0,0.0
-0.0,0.0
-0.0,0.0
-0.0,0.0
-0.0,0.0
-0.0,0.0
-0.0,0.0
-0.0,0.0
-0.0,0.0
-0.0,0.0
-0.0,0.0
-0.0,0.0
-0.0,0.0
-0.0,0.0
-0.0,0.0
-0.0,0.0
-0.0,0.0
-0.0,0.0
-0.0,0.0
-0.0,0.0
-0.0,0.0
-0.0,0.0
-0.0,0.0
-0.0,0.0
-0.0,0.0
-0.0,0.0
-0.0,0.0
-0.0,0.0
-0.0,0.0
-0.0,0.0
-0.0,0.0
-0.0,0.0
-0.0,0.0
-0.0,0.0
-0.0,0.0
-0.0,0.0
-0.0,0.0
-0.0,0.0
-0.0,0.0
-0.0,0.0
-0.0,0.0
-0.0,0.0
-0.0,0.0
-0.0,0.0
-0.0,0.0
-0.0,0.0
-0.0,0.0
-0.0,0.0
-0.0,0.0
-0.0,0.0
-0.0,0.0
-0.0,0.0
-0.0,0.0
-0.0,0.0
-0.0,0.0
-0.0,0.0
-0.0,0.0
-0.0,0.0
-0.0,0.0
-0.0,0.0
-0.0,0.0
-0.0,0.0
-0.0,0.0
-0.0,0.0
-0.0,0.0
-0.0,0.0
-0.0,0.0
-0.0,0.0
-0.0,0.0
-0.0,0.0
-0.0,0.0
-0.0,0.0
-0.0,0.0
-0.0,0.0
-0.0,0.0
-0.0,0.0
-0.0,0.0
-0.0,0.0
-0.0,0.0
-0.0,0.0
-0.0,0.0
-0.0,0.0
-0.0,0.0
-0.0,0.0
-0.0,0.0
-0.0,0.0
-0.0,0.0
-0.0,0.0
-0.0,0.0
-0.0,0.0
-0.0,0.0
-0.0,0.0
-0.0,0.0
-0.0,0.0
-0.0,0.0
-0.0,0.0
-0.0,0.0
-0.0,0.0
-0.0,0.0
-0.0,0.0
-0.0,0.0
-0.0,0.0
-0.0,0.0
-0.0,0.0
-0.0,0.0
-0.0,0.0
-0.0,0.0
-0.0,0.0
-0.0,0.0
-0.0,0.0
-0.0,0.0
-0.0,0.0
-0.0,0.0
-0.0,0.0
-0.0,0.0
-0.0,0.0
-0.0,0.0
-0.0,0.0
-0.0,0.0
-0.0,0.0
-0.0,0.0
-0.0,0.0
-0.0,0.0
-0.0,0.0
-0.0,0.0
-0.0,0.0
-0.0,0.0
-0.0,0.0
-0.0,0.0
-0.0,0.0
-0.0,0.0
-0.0,0.0
-0.0,0.0
-0.0,0.0
-0.0,0.0
-0.0,0.0
-0.0,0.0
-0.0,0.0
-0.0,0.0
-0.0,0.0
-0.0,0.0
-0.0,0.0
-0.0,0.0
-0.0,0.0
-0.0,0.0
-0.0,0.0
-0.0,0.0
-0.0,0.0
-0.0,0.0
-0.0,0.0
-0.0,0.0
-0.0,0.0
-0.0,0.0
-0.0,0.0
-0.0,0.0
-0.0,0.0
-0.0,0.0
-0.0,0.0
-0.0,0.0
-0.0,0.0
-0.0,0.0
-0.0,0.0
-0.0,0.0
-0.0,0.0
-0.0,0.0
-0.0,0.0
-0.0,0.0
-0.0,0.0
-0.0,0.0
-0.0,0.0
-0.0,0.0
-0.0,0.0
-0.0,0.0
-0.0,0.0
-0.0,0.0
-0.0,0.0
-0.0,0.0
-0.0,0.0
-0.0,0.0
-0.0,0.0
-0.0,0.0
-0.0,0.0
-0.0,0.0
-0.0,0.0
-0.0,0.0
-0.0,0.0
-0.0,0.0
-0.0,0.0
-0.0,0.0
-0.0,0.0
-0.0,0.0
-0.0,0.0
-0.0,0.0
-0.0,0.0
-0.0,0.0
-0.0,0.0
-0.0,0.0
-0.0,0.0
-0.0,0.0
-0.0,0.0
-0.0,0.0
-0.0,0.0
-0.0,0.0
-0.0,0.0
-0.0,0.0
-0.0,0.0
-0.0,0.0
-0.0,0.0
-0.0,0.0
-0.0,0.0
-0.0,0.0
-0.0,0.0
-0.0,0.0
-0.0,0.0
-0.0,0.0
-0.0,0.0
-0.0,0.0
-0.0,0.0
-0.0,0.0
-0.0,0.0
-0.0,0.0
-0.0,0.0
-0.0,0.0
-0.0,0.0
-0.0,0.0
-0.0,0.0
-0.0,0.0
-0.0,0.0
-0.0,0.0
-0.0,0.0
-0.0,0.0
-0.0,0.0
-0.0,0.0
-0.0,0.0
-0.0,0.0
-0.0,0.0
-0.0,0.0
-0.0,0.0
-0.0,0.0
-0.0,0.0
-0.0,0.0
-0.0,0.0
-0.0,0.0
-0.0,0.0
-0.0,0.0
-0.0,0.0
-0.0,0.0
-0.0,0.0
-0.0,0.0
-0.0,0.0
-0.0,0.0
-0.0,0.0
-0.0,0.0
-0.0,0.0
-0.0,0.0
-0.0,0.0
-0.0,0.0
-0.0,0.0
-0.0,0.0
-0.0,0.0
-0.0,0.0
-0.0,0.0
-0.0,0.0
-0.0,0.0
-0.0,0.0
-0.0,0.0
-0.0,0.0
-0.0,0.0
-0.0,0.0
-0.0,0.0
-0.0,0.0
-0.0,0.0
-0.0,0.0
-0.0,0.0
-0.0,0.0
-0.0,0.0
-0.0,0.0
-0.0,0.0
-0.0,0.0
-0.0,0.0
-0.0,0.0
-0.0,0.0
-0.0,0.0
-0.0,0.0
-0.0,0.0
-0.0,0.0
-0.0,0.0
-0.0,0.0
-0.0,0.0
-0.0,0.0
-0.0,0.0
-0.0,0.0
-0.0,0.0
-0.0,0.0
-0.0,0.0
-0.0,0.0
-0.0,0.0
-0.0,0.0
-0.0,0.0
-0.0,0.0
-0.0,0.0
-0.0,0.0
-0.0,0.0
-0.0,0.0
-0.0,0.0
-0.0,0.0
-0.0,0.0
-0.0,0.0
-0.0,0.0
-0.0,0.0
-0.0,0.0
-0.0,0.0
-0.0,0.0
-0.0,0.0
-0.0,0.0
-0.0,0.0
-0.0,0.0
-0.0,0.0
-0.0,0.0
-0.0,0.0
-0.0,0.0
-0.0,0.0
-0.0,0.0
-0.0,0.0
-0.0,0.0
-0.0,0.0
-0.0,0.0
-0.0,0.0
-0.0,0.0
-0.0,0.0
-0.0,0.0
-0.0,0.0
-0.0,0.0
-0.0,0.0
-0.0,0.0
-0.0,0.0
-0.0,0.0
-0.0,0.0
-0.0,0.0
-0.0,0.0
-0.0,0.0
-0.0,0.0
-0.0,0.0
-0.0,0.0
-0.0,0.0
-0.0,0.0
-0.0,0.0
-0.0,0.0
-0.0,0.0
-0.0,0.0
-0.0,0.0
-0.0,0.0
-0.0,0.0
-0.0,0.0
-0.0,0.0
-0.0,0.0
-0.0,0.0
-0.0,0.0
-0.0,0.0
-0.0,0.0
-0.0,0.0
-0.0,0.0
-0.0,0.0
-0.0,0.0
-0.0,0.0
-0.0,0.0
-0.0,0.0
-0.0,0.0
-0.0,0.0
-0.0,0.0
-0.0,0.0
-0.0,0.0
-0.0,0.0
-0.0,0.0
-0.0,0.0
-0.0,0.0
-0.0,0.0
-0.0,0.0
-0.0,0.0
-0.0,0.0
-0.0,0.0
-0.0,0.0
-0.0,0.0
-0.0,0.0
-0.0,0.0
-0.0,0.0
-0.0,0.0
-0.0,0.0
-0.0,0.0
-0.0,0.0
-0.0,0.0
-0.0,0.0
-0.0,0.0
-0.0,0.0
-0.0,0.0
-0.0,0.0
-0.0,0.0
-0.0,0.0
-0.0,0.0
-0.0,0.0
-0.0,0.0
-0.0,0.0
-0.0,0.0
-0.0,0.0
-0.0,0.0
-0.0,0.0
-0.0,0.0
-0.0,0.0
-0.0,0.0
-0.0,0.0
-0.0,0.0
-0.0,0.0
-0.0,0.0
-0.0,0.0
-0.0,0.0
-0.0,0.0
-0.0,0.0
-0.0,0.0
-0.0,0.0
-0.0,0.0
-0.0,0.0
-0.0,0.0
-0.0,0.0
-0.0,0.0
-0.0,0.0
-0.0,0.0
-0.0,0.0
-0.0,0.0
-0.0,0.0
-0.0,0.0
-0.0,0.0
-0.0,0.0
-0.0,0.0
-0.0,0.0
-0.0,0.0
-0.0,0.0
-0.0,0.0
-0.0,0.0
-0.0,0.0
-0.0,0.0
-0.0,0.0
-0.0,0.0
-0.0,0.0
-0.0,0.0
-0.0,0.0
-0.0,0.0
-0.0,0.0
-0.0,0.0
-0.0,0.0
-0.0,0.0
-0.0,0.0
-0.0,0.0
-0.0,0.0
-0.0,0.0
-0.0,0.0
-0.0,0.0
-0.0,0.0
-0.0,0.0
-0.0,0.0
-0.0,0.0
-0.0,0.0
-0.0,0.0
-0.0,0.0
-0.0,0.0
-0.0,0.0
-0.0,0.0
-0.0,0.0
-0.0,0.0
-0.0,0.0
-0.0,0.0
-0.0,0.0
-0.0,0.0
-0.0,0.0
-0.0,0.0
-0.0,0.0
-0.0,0.0
-0.0,0.0
-0.0,0.0
-0.0,0.0
-0.0,0.0
-0.0,0.0
-0.0,0.0
-0.0,0.0
-0.0,0.0
-0.0,0.0
-0.0,0.0
-0.0,0.0
-0.0,0.0
-0.0,0.0
-0.0,0.0
-0.0,0.0
-0.0,0.0
-0.0,0.0
-0.0,0.0
-0.0,0.0
-0.0,0.0
-0.0,0.0
-0.0,0.0
-0.0,0.0
-0.0,0.0
-0.0,0.0
-0.0,0.0
-0.0,0.0
-0.0,0.0
-0.0,0.0
-0.0,0.0
-0.0,0.0
-0.0,0.0
-0.0,0.0
-0.0,0.0
-0.0,0.0
-0.0,0.0
-0.0,0.0
-0.0,0.0
-0.0,0.0
-0.0,0.0
-0.0,0.0
-0.0,0.0
-0.0,0.0
-0.0,0.0
-0.0,0.0
-0.0,0.0
-0.0,0.0
-0.0,0.0
-0.0,0.0
-0.0,0.0
-0.0,0.0
-0.0,0.0
-0.0,0.0
-0.0,0.0
-0.0,0.0
-0.0,0.0
-0.0,0.0
-0.0,0.0
-0.0,0.0
-0.0,0.0
-0.0,0.0
-0.0,0.0
-0.0,0.0
-0.0,0.0
-0.0,0.0
-0.0,0.0
-0.0,0.0
-0.0,0.0
-0.0,0.0
-0.0,0.0
-0.0,0.0
-0.0,0.0
-0.0,0.0
-0.0,0.0
-0.0,0.0
-0.0,0.0
-0.0,0.0
-0.0,0.0
-0.0,0.0
-0.0,0.0
-0.0,0.0
-0.0,0.0
-0.0,0.0
-0.0,0.0
-0.0,0.0
-0.0,0.0
-0.0,0.0
-0.0,0.0
-0.0,0.0
-0.0,0.0
-0.0,0.0
-0.0,0.0
-0.0,0.0
-0.0,0.0
-0.0,0.0
-0.0,0.0
-0.0,0.0
-0.0,0.0
-0.0,0.0
-0.0,0.0
-0.0,0.0
-0.0,0.0
-0.0,0.0
-0.0,0.0
-0.0,0.0
-0.0,0.0
-0.0,0.0
-0.0,0.0
-0.0,0.0
-0.0,0.0
-0.0,0.0
-0.0,0.0
-0.0,0.0
-0.0,0.0
-0.0,0.0
-0.0,0.0
-0.0,0.0
-0.0,0.0
-0.0,0.0
-0.0,0.0
-0.0,0.0
-0.0,0.0
-0.0,0.0
-0.0,0.0
-0.0,0.0
-0.0,0.0
-0.0,0.0
-0.0,0.0
-0.0,0.0
-0.0,0.0
-0.0,0.0
-0.0,0.0
-0.0,0.0
-0.0,0.0
-0.0,0.0
-0.0,0.0
-0.0,0.0
-0.0,0.0
-0.0,0.0
-0.0,0.0
-0.0,0.0
-0.0,0.0
-0.0,0.0
-0.0,0.0
-0.0,0.0
-0.0,0.0
-0.0,0.0
-0.0,0.0
-0.0,0.0
-0.0,0.0
-0.0,0.0
-0.0,0.0
-0.0,0.0
-0.0,0.0
-0.0,0.0
-0.0,0.0
-0.0,0.0
-0.0,0.0
-0.0,0.0
-0.0,0.0
-0.0,0.0
-0.0,0.0
-0.0,0.0
-0.0,0.0
-0.0,0.0
-0.0,0.0
-0.0,0.0
-0.0,0.0
-0.0,0.0
-0.0,0.0
-0.0,0.0
-0.0,0.0
-0.0,0.0
-0.0,0.0
-0.0,0.0
-0.0,0.0
-0.0,0.0
-0.0,0.0
-0.0,0.0
-0.0,0.0
-0.0,0.0
-0.0,0.0
-0.0,0.0
-0.0,0.0
-0.0,0.0
-0.0,0.0
-0.0,0.0
-0.0,0.0
-0.0,0.0
-0.0,0.0
-0.0,0.0
-0.0,0.0
-0.0,0.0
-0.0,0.0
-0.0,0.0
-0.0,0.0
-0.0,0.0
-0.0,0.0
-0.0,0.0
-0.0,0.0
-0.0,0.0
-0.0,0.0
-0.0,0.0
-0.0,0.0
-0.0,0.0
-0.0,0.0
-0.0,0.0
-0.0,0.0
-0.0,0.0
-0.0,0.0
-0.0,0.0
-0.0,0.0
-0.0,0.0
-0.0,0.0
-0.0,0.0
-0.0,0.0
-0.0,0.0
-0.0,0.0
-0.0,0.0
-0.0,0.0
-0.0,0.0
-0.0,0.0
-0.0,0.0
-0.0,0.0
-0.0,0.0
-0.0,0.0
-0.0,0.0
-0.0,0.0
-0.0,0.0
-0.0,0.0
-0.0,0.0
-0.0,0.0
-0.0,0.0
-0.0,0.0
-0.0,0.0
-0.0,0.0
-0.0,0.0
-0.0,0.0
-0.0,0.0
-0.0,0.0
-0.0,0.0
-0.0,0.0
-0.0,0.0
-0.0,0.0
-0.0,0.0
-0.0,0.0
-0.0,0.0
-0.0,0.0
-0.0,0.0
-0.0,0.0
-0.0,0.0
-0.0,0.0
-0.0,0.0
-0.0,0.0
-0.0,0.0
-0.0,0.0
-0.0,0.0
-0.0,0.0
-0.0,0.0
-0.0,0.0
-0.0,0.0
-0.0,0.0
-0.0,0.0
-0.0,0.0
-0.0,0.0
-0.0,0.0
-0.0,0.0
-0.0,0.0
-0.0,0.0
-0.0,0.0
-0.0,0.0
-0.0,0.0
-0.0,0.0
-0.0,0.0
-0.0,0.0
-0.0,0.0
-0.0,0.0
-0.0,0.0
-0.0,0.0
-0.0,0.0
-0.0,0.0
-0.0,0.0
-0.0,0.0
-0.0,0.0
-0.0,0.0
-0.0,0.0
-0.0,0.0
-0.0,0.0
-0.0,0.0
-0.0,0.0
-0.0,0.0
-0.0,0.0
-0.0,0.0
-0.0,0.0
-0.0,0.0
-0.0,0.0
-0.0,0.0
-0.0,0.0
-0.0,0.0
-0.0,0.0
-0.0,0.0
-0.0,0.0
-0.0,0.0
-0.0,0.0
-0.0,0.0
-0.0,0.0
-0.0,0.0
-0.0,0.0
-0.0,0.0
-0.0,0.0
-0.0,0.0
-0.0,0.0
-0.0,0.0
-0.0,0.0
-0.0,0.0
-0.0,0.0
-0.0,0.0
-0.0,0.0
-0.0,0.0
-0.0,0.0
-0.0,0.0
-0.0,0.0
-0.0,0.0
-0.0,0.0
-0.0,0.0
-0.0,0.0
-0.0,0.0
-0.0,0.0
-0.0,0.0
-0.0,0.0
-0.0,0.0
-0.0,0.0
-0.0,0.0
-0.0,0.0
-0.0,0.0
-0.0,0.0
-0.0,0.0
-0.0,0.0
-0.0,0.0
-0.0,0.0
-0.0,0.0
-0.0,0.0
-0.0,0.0
-0.0,0.0
-0.0,0.0
-0.0,0.0
-0.0,0.0
-0.0,0.0
-0.0,0.0
-0.0,0.0
-0.0,0.0
-0.0,0.0
-0.0,0.0
-0.0,0.0
-0.0,0.0
-0.0,0.0
-0.0,0.0
-0.0,0.0
-0.0,0.0
-0.0,0.0
-0.0,0.0
-0.0,0.0
-0.0,0.0
-0.0,0.0
-0.0,0.0
-0.0,0.0
-0.0,0.0
-0.0,0.0
-0.0,0.0
-0.0,0.0
-0.0,0.0
-0.0,0.0
-0.0,0.0
-0.0,0.0
-0.0,0.0
-0.0,0.0
-0.0,0.0
-0.0,0.0
-0.0,0.0
-0.0,0.0
-0.0,0.0
-0.0,0.0
-0.0,0.0
-0.0,0.0
-0.0,0.0
-0.0,0.0
-0.0,0.0
-0.0,0.0
-0.0,0.0
-0.0,0.0
-0.0,0.0
-0.0,0.0
-0.0,0.0
-0.0,0.0
-0.0,0.0
-0.0,0.0
-0.0,0.0
-0.0,0.0
-0.0,0.0
-0.0,0.0
-0.0,0.0
-0.0,0.0
-0.0,0.0
-0.0,0.0
-0.0,0.0
-0.0,0.0
-0.0,0.0
-0.0,0.0
-0.0,0.0
-0.0,0.0
-0.0,0.0
-0.0,0.0
-0.0,0.0
-0.0,0.0
-0.0,0.0
-0.0,0.0
-0.0,0.0
-0.0,0.0
-0.0,0.0
-0.0,0.0
-0.0,0.0
-0.0,0.0
-0.0,0.0
-0.0,0.0
-0.0,0.0
-0.0,0.0
-0.0,0.0
-0.0,0.0
-0.0,0.0
-0.0,0.0
-0.0,0.0
-0.0,0.0
-0.0,0.0
-0.0,0.0
-0.0,0.0
-0.0,0.0
-0.0,0.0
-0.0,0.0
-0.0,0.0
-0.0,0.0
-0.0,0.0
-0.0,0.0
-0.0,0.0
-0.0,0.0
-0.0,0.0
-0.0,0.0
-0.0,0.0
-0.0,0.0
-0.0,0.0
-0.0,0.0
-0.0,0.0
-0.0,0.0
-0.0,0.0
-0.0,0.0
-0.0,0.0
-0.0,0.0
-0.0,0.0
-0.0,0.0
-0.0,0.0
-0.0,0.0
-0.0,0.0
-0.0,0.0
-0.0,0.0
-0.0,0.0
-0.0,0.0
-0.0,0.0
-0.0,0.0
-0.0,0.0
-0.0,0.0
-0.0,0.0
-0.0,0.0
-0.0,0.0
-0.0,0.0
-0.0,0.0
-0.0,0.0
-0.0,0.0
-0.0,0.0
-0.0,0.0
-0.0,0.0
-0.0,0.0
-0.0,0.0
-0.0,0.0
-0.0,0.0
-0.0,0.0
-0.0,0.0
-0.0,0.0
-0.0,0.0
-0.0,0.0
-0.0,0.0
-0.0,0.0
-0.0,0.0
-0.0,0.0
-0.0,0.0
-0.0,0.0
-0.0,0.0
-0.0,0.0
-0.0,0.0
-0.0,0.0
-0.0,0.0
-0.0,0.0
-0.0,0.0
-0.0,0.0
-0.0,0.0
-0.0,0.0
-0.0,0.0
-0.0,0.0
-0.0,0.0
-0.0,0.0
-0.0,0.0
-0.0,0.0
-0.0,0.0
-0.0,0.0
-0.0,0.0
-0.0,0.0
-0.0,0.0
-0.0,0.0
-0.0,0.0
-0.0,0.0
-0.0,0.0
-0.0,0.0
-0.0,0.0
-0.0,0.0
-0.0,0.0
-0.0,0.0
-0.0,0.0
-0.0,0.0
-0.0,0.0
-0.0,0.0
-0.0,0.0
-0.0,0.0
-0.0,0.0
-0.0,0.0
-0.0,0.0
-0.0,0.0
-0.0,0.0
-0.0,0.0
-0.0,0.0
-0.0,0.0
-0.0,0.0
-0.0,0.0
-0.0,0.0
-0.0,0.0
-0.0,0.0
-0.0,0.0
-0.0,0.0
-0.0,0.0
-0.0,0.0
-0.0,0.0
-0.0,0.0
-0.0,0.0
-0.0,0.0
-0.0,0.0
-0.0,0.0
-0.0,0.0
-0.0,0.0
-0.0,0.0
-0.0,0.0
-0.0,0.0
-0.0,0.0
-0.0,0.0
-0.0,0.0
-0.0,0.0
-0.0,0.0
-0.0,0.0
-0.0,0.0
-0.0,0.0
-0.0,0.0
-0.0,0.0
-0.0,0.0
-0.0,0.0
-0.0,0.0
-0.0,0.0
-0.0,0.0
-0.0,0.0
-0.0,0.0
-0.0,0.0
-0.0,0.0
-0.0,0.0
-0.0,0.0
-0.0,0.0
-0.0,0.0
-0.0,0.0
-0.0,0.0
-0.0,0.0
-0.0,0.0
-0.0,0.0
-0.0,0.0
-0.0,0.0
-0.0,0.0
-0.0,0.0
-0.0,0.0
-0.0,0.0
-0.0,0.0
-0.0,0.0
-0.0,0.0
-0.0,0.0
-0.0,0.0
-0.0,0.0
-0.0,0.0
-0.0,0.0
-0.0,0.0
-0.0,0.0
-0.0,0.0
-0.0,0.0
-0.0,0.0
-0.0,0.0
-0.0,0.0
-0.0,0.0
-0.0,0.0
-0.0,0.0
-0.0,0.0
-0.0,0.0
-0.0,0.0
-0.0,0.0
-0.0,0.0
-0.0,0.0
-0.0,0.0
-0.0,0.0
-0.0,0.0
-0.0,0.0
-0.0,0.0
-0.0,0.0
-0.0,0.0
-0.0,0.0
-0.0,0.0
-0.0,0.0
-0.0,0.0
-0.0,0.0
-0.0,0.0
-0.0,0.0
-0.0,0.0
-0.0,0.0
-0.0,0.0
-0.0,0.0
-0.0,0.0
-0.0,0.0
-0.0,0.0
-0.0,0.0
-0.0,0.0
-0.0,0.0
-0.0,0.0
-0.0,0.0
-0.0,0.0
-0.0,0.0
-0.0,0.0
-0.0,0.0
-0.0,0.0
-0.0,0.0
-0.0,0.0
-0.0,0.0
-0.0,0.0
-0.0,0.0
-0.0,0.0
-0.0,0.0
-0.0,0.0
-0.0,0.0
-0.0,0.0
-0.0,0.0
-0.0,0.0
-0.0,0.0
-0.0,0.0
-0.0,0.0
-0.0,0.0
-0.0,0.0
-0.0,0.0
-0.0,0.0
-0.0,0.0
-0.0,0.0
-0.0,0.0
-0.0,0.0
-0.0,0.0
-0.0,0.0
-0.0,0.0
-0.0,0.0
-0.0,0.0
-0.0,0.0
-0.0,0.0
-0.0,0.0
-0.0,0.0
-0.0,0.0
-0.0,0.0
-0.0,0.0
-0.0,0.0
-0.0,0.0
-0.0,0.0
-0.0,0.0
-0.0,0.0
-0.0,0.0
-0.0,0.0
-0.0,0.0
-0.0,0.0
-0.0,0.0
-0.0,0.0
-0.0,0.0
-0.0,0.0
-0.0,0.0
-0.0,0.0
-0.0,0.0
-0.0,0.0
-0.0,0.0
-0.0,0.0
-0.0,0.0
-0.0,0.0
-0.0,0.0
-0.0,0.0
-0.0,0.0
-0.0,0.0
-0.0,0.0
-0.0,0.0
-0.0,0.0
-0.0,0.0
-0.0,0.0
-0.0,0.0
-0.0,0.0
-0.0,0.0
-0.0,0.0
-0.0,0.0
-0.0,0.0
-0.0,0.0
-0.0,0.0
-0.0,0.0
-0.0,0.0
-0.0,0.0
-0.0,0.0
-0.0,0.0
-0.0,0.0
-0.0,0.0
-0.0,0.0
-0.0,0.0
-0.0,0.0
-0.0,0.0
-0.0,0.0
-0.0,0.0
-0.0,0.0
-0.0,0.0
-0.0,0.0
-0.0,0.0
-0.0,0.0
-0.0,0.0
-0.0,0.0
-0.0,0.0
-0.0,0.0
-0.0,0.0
-0.0,0.0
-0.0,0.0
-0.0,0.0
-0.0,0.0
-0.0,0.0
-0.0,0.0
-0.0,0.0
-0.0,0.0
-0.0,0.0
-0.0,0.0
-0.0,0.0
-0.0,0.0
-0.0,0.0
-0.0,0.0
-0.0,0.0
-0.0,0.0
-0.0,0.0
-0.0,0.0
-0.0,0.0
-0.0,0.0
-0.0,0.0
-0.0,0.0
-0.0,0.0
-0.0,0.0
-0.0,0.0
-0.0,0.0
-0.0,0.0
-0.0,0.0
-0.0,0.0
-0.0,0.0
-0.0,0.0
-0.0,0.0
-0.0,0.0
-0.0,0.0
-0.0,0.0
-0.0,0.0
-0.0,0.0
-0.0,0.0
-0.0,0.0
-0.0,0.0
-0.0,0.0
-0.0,0.0
-0.0,0.0
-0.0,0.0
-0.0,0.0
-0.0,0.0
-0.0,0.0
-0.0,0.0
-0.0,0.0
-0.0,0.0
-0.0,0.0
-0.0,0.0
-0.0,0.0
-0.0,0.0
-0.0,0.0
-0.0,0.0
-0.0,0.0
-0.0,0.0
-0.0,0.0
-0.0,0.0
-0.0,0.0
-0.0,0.0
-0.0,0.0
-0.0,0.0
-0.0,0.0
-0.0,0.0
-0.0,0.0
-0.0,0.0
-0.0,0.0
-0.0,0.0
-0.0,0.0
-0.0,0.0
-0.0,0.0
-0.0,0.0
-0.0,0.0
-0.0,0.0
-0.0,0.0
-0.0,0.0
-0.0,0.0
-0.0,0.0
-0.0,0.0
-0.0,0.0
-0.0,0.0
-0.0,0.0
-0.0,0.0
-0.0,0.0
-0.0,0.0
-0.0,0.0
-0.0,0.0
-0.0,0.0
-0.0,0.0
-0.0,0.0
-0.0,0.0
-0.0,0.0
-0.0,0.0
-0.0,0.0
-0.0,0.0
-0.0,0.0
-0.0,0.0
-0.0,0.0
-0.0,0.0
-0.0,0.0
-0.0,0.0
-0.0,0.0
-0.0,0.0
-0.0,0.0
-0.0,0.0
-0.0,0.0
-0.0,0.0
-0.0,0.0
-0.0,0.0
-0.0,0.0
-0.0,0.0
-0.0,0.0
-0.0,0.0
-0.0,0.0
-0.0,0.0
-0.0,0.0
-0.0,0.0
-0.0,0.0
-0.0,0.0
-0.0,0.0
-0.0,0.0
-0.0,0.0
-0.0,0.0
-0.0,0.0
-0.0,0.0
-0.0,0.0
-0.0,0.0
-0.0,0.0
-0.0,0.0
-0.0,0.0
-0.0,0.0
-0.0,0.0
-0.0,0.0
-0.0,0.0
-0.0,0.0
-0.0,0.0
-0.0,0.0
-0.0,0.0
-0.0,0.0
-0.0,0.0
-0.0,0.0
-0.0,0.0
-0.0,0.0
-0.0,0.0
-0.0,0.0
-0.0,0.0
-0.0,0.0
-0.0,0.0
-0.0,0.0
-0.0,0.0
-0.0,0.0
-0.0,0.0
-0.0,0.0
-0.0,0.0
-0.0,0.0
-0.0,0.0
-0.0,0.0
-0.0,0.0
-0.0,0.0
-0.0,0.0
-0.0,0.0
-0.0,0.0
-0.0,0.0
-0.0,0.0
-0.0,0.0
-0.0,0.0
-0.0,0.0
-0.0,0.0
-0.0,0.0
-0.0,0.0
-0.0,0.0
-0.0,0.0
-0.0,0.0
-0.0,0.0
-0.0,0.0
-0.0,0.0
-0.0,0.0
-0.0,0.0
-0.0,0.0
-0.0,0.0
-0.0,0.0
-0.0,0.0
-0.0,0.0
-0.0,0.0
-0.0,0.0
-0.0,0.0
-0.0,0.0
-0.0,0.0
-0.0,0.0
-0.0,0.0
-0.0,0.0
-0.0,0.0
-0.0,0.0
-0.0,0.0
-0.0,0.0
-0.0,0.0
-0.0,0.0
-0.0,0.0
-0.0,0.0
-0.0,0.0
-0.0,0.0
-0.0,0.0
-0.0,0.0
-0.0,0.0
-0.0,0.0
-0.0,0.0
-0.0,0.0
-0.0,0.0
-0.0,0.0
-0.0,0.0
-0.0,0.0
-0.0,0.0
-0.0,0.0
-0.0,0.0
-0.0,0.0
-0.0,0.0
-0.0,0.0
-0.0,0.0
-0.0,0.0
-0.0,0.0
-0.0,0.0
-0.0,0.0
-0.0,0.0
-0.0,0.0
-0.0,0.0
-0.0,0.0
-0.0,0.0
-0.0,0.0
-0.0,0.0
-0.0,0.0
-0.0,0.0
-0.0,0.0
-0.0,0.0
-0.0,0.0
-0.0,0.0
-0.0,0.0
-0.0,0.0
-0.0,0.0
-0.0,0.0
-0.0,0.0
-0.0,0.0
-0.0,0.0
-0.0,0.0
-0.0,0.0
-0.0,0.0
-0.0,0.0
-0.0,0.0
-0.0,0.0
-0.0,0.0
-0.0,0.0
-0.0,0.0
-0.0,0.0
-0.0,0.0
-0.0,0.0
-0.0,0.0
-0.0,0.0
-0.0,0.0
-0.0,0.0
-0.0,0.0
-0.0,0.0
-0.0,0.0
-0.0,0.0
-0.0,0.0
-0.0,0.0
-0.0,0.0
-0.0,0.0
-0.0,0.0
-0.0,0.0
-0.0,0.0
-0.0,0.0
-0.0,0.0
-0.0,0.0
-0.0,0.0
-0.0,0.0
-0.0,0.0
-0.0,0.0
-0.0,0.0
-0.0,0.0
-0.0,0.0
-0.0,0.0
-0.0,0.0
-0.0,0.0
-0.0,0.0
-0.0,0.0
-0.0,0.0
-0.0,0.0
-0.0,0.0
-0.0,0.0
-0.0,0.0
-0.0,0.0
-0.0,0.0
-0.0,0.0
-0.0,0.0
-0.0,0.0
-0.0,0.0
-0.0,0.0
-0.0,0.0
-0.0,0.0
-0.0,0.0
-0.0,0.0
-0.0,0.0
-0.0,0.0
-0.0,0.0
-0.0,0.0
-0.0,0.0
-0.0,0.0
-0.0,0.0
-0.0,0.0
-0.0,0.0
-0.0,0.0
-0.0,0.0
-0.0,0.0
-0.0,0.0
-0.0,0.0
-0.0,0.0
-0.0,0.0
-0.0,0.0
-0.0,0.0
-0.0,0.0
-0.0,0.0
-0.0,0.0
-0.0,0.0
-0.0,0.0
-0.0,0.0
-0.0,0.0
-0.0,0.0
-0.0,0.0
-0.0,0.0
-0.0,0.0
-0.0,0.0
-0.0,0.0
-0.0,0.0
-0.0,0.0
-0.0,0.0
-0.0,0.0
-0.0,0.0
-0.0,0.0
-0.0,0.0
-0.0,0.0
-0.0,0.0
-0.0,0.0
-0.0,0.0
-0.0,0.0
-0.0,0.0
-0.0,0.0
-0.0,0.0
-0.0,0.0
-0.0,0.0
-0.0,0.0
-0.0,0.0
-0.0,0.0
-0.0,0.0
-0.0,0.0
-0.0,0.0
-0.0,0.0
-0.0,0.0
-0.0,0.0
-0.0,0.0
-0.0,0.0
-0.0,0.0
-0.0,0.0
-0.0,0.0
-0.0,0.0
-0.0,0.0
-0.0,0.0
-0.0,0.0
-0.0,0.0
-0.0,0.0
-0.0,0.0
-0.0,0.0
-0.0,0.0
-0.0,0.0
-0.0,0.0
-0.0,0.0
-0.0,0.0
-0.0,0.0
-0.0,0.0
-0.0,0.0
-0.0,0.0
-0.0,0.0
-0.0,0.0
-0.0,0.0
-0.0,0.0
-0.0,0.0
-0.0,0.0
-0.0,0.0
-0.0,0.0
-0.0,0.0
-0.0,0.0
-0.0,0.0
-0.0,0.0
-0.0,0.0
-0.0,0.0
-0.0,0.0
-0.0,0.0
-0.0,0.0
-0.0,0.0
-0.0,0.0
-0.0,0.0
-0.0,0.0
-0.0,0.0
-0.0,0.0
-0.0,0.0
-0.0,0.0
-0.0,0.0
-0.0,0.0
-0.0,0.0
-0.0,0.0
-0.0,0.0
-0.0,0.0
-0.0,0.0
-0.0,0.0
-0.0,0.0
-0.0,0.0
-0.0,0.0
-0.0,0.0
-0.0,0.0
-0.0,0.0
-0.0,0.0
-0.0,0.0
-0.0,0.0
-0.0,0.0
-0.0,0.0
-0.0,0.0
-0.0,0.0
-0.0,0.0
-0.0,0.0
-0.0,0.0
-0.0,0.0
-0.0,0.0
-0.0,0.0
-0.0,0.0
-0.0,0.0
-0.0,0.0
-0.0,0.0
-0.0,0.0
-0.0,0.0
-0.0,0.0
-0.0,0.0
-0.0,0.0
-0.0,0.0
-0.0,0.0
-0.0,0.0
-0.0,0.0
-0.0,0.0
-0.0,0.0
-0.0,0.0
-0.0,0.0
-0.0,0.0
-0.0,0.0
-0.0,0.0
-0.0,0.0
-0.0,0.0
-0.0,0.0
-0.0,0.0
-0.0,0.0
-0.0,0.0
-0.0,0.0
-0.0,0.0
-0.0,0.0
-0.0,0.0
-0.0,0.0
-0.0,0.0
-0.0,0.0
-0.0,0.0
-0.0,0.0
-0.0,0.0
-0.0,0.0
-0.0,0.0
-0.0,0.0
-0.0,0.0
-0.0,0.0
-0.0,0.0
-0.0,0.0
-0.0,0.0
-0.0,0.0
-0.0,0.0
-0.0,0.0
-0.0,0.0
-0.0,0.0
-0.0,0.0
-0.0,0.0
-0.0,0.0
-0.0,0.0
-0.0,0.0
-0.0,0.0
-0.0,0.0
-0.0,0.0
-0.0,0.0
-0.0,0.0
-0.0,0.0
-0.0,0.0
-0.0,0.0
-0.0,0.0
-0.0,0.0
-0.0,0.0
-0.0,0.0
-0.0,0.0
-0.0,0.0
-0.0,0.0
-0.0,0.0
-0.0,0.0
-0.0,0.0
-0.0,0.0
-0.0,0.0
-0.0,0.0
-0.0,0.0
-0.0,0.0
-0.0,0.0
-0.0,0.0
-0.0,0.0
-0.0,0.0
-0.0,0.0
-0.0,0.0
-0.0,0.0
-0.0,0.0
-0.0,0.0
-0.0,0.0
-0.0,0.0
-0.0,0.0
-0.0,0.0
-0.0,0.0
-0.0,0.0
-0.0,0.0
-0.0,0.0
-0.0,0.0
-0.0,0.0
-0.0,0.0
-0.0,0.0
-0.0,0.0
-0.0,0.0
-0.0,0.0
-0.0,0.0
-0.0,0.0
-0.0,0.0
-0.0,0.0
-0.0,0.0
-0.0,0.0
-0.0,0.0
-0.0,0.0
-0.0,0.0
-0.0,0.0
-0.0,0.0
-0.0,0.0
-0.0,0.0
-0.0,0.0
-0.0,0.0
-0.0,0.0
-0.0,0.0
-0.0,0.0
-0.0,0.0
-0.0,0.0
-0.0,0.0
-0.0,0.0
-0.0,0.0
-0.0,0.0
-0.0,0.0
-0.0,0.0
-0.0,0.0
-0.0,0.0
-0.0,0.0
-0.0,0.0
-0.0,0.0
-0.0,0.0
-0.0,0.0
-0.0,0.0
-0.0,0.0
-0.0,0.0
-0.0,0.0
-0.0,0.0
-0.0,0.0
-0.0,0.0
-0.0,0.0
-0.0,0.0
-0.0,0.0
-0.0,0.0
-0.0,0.0
-0.0,0.0
-0.0,0.0
-0.0,0.0
-0.0,0.0
-0.0,0.0
-0.0,0.0
-0.0,0.0
-0.0,0.0
-0.0,0.0
-0.0,0.0
-0.0,0.0
-0.0,0.0
-0.0,0.0
-0.0,0.0
-0.0,0.0
-0.0,0.0
-0.0,0.0
-0.0,0.0
-0.0,0.0
-0.0,0.0
-0.0,0.0
-0.0,0.0
-0.0,0.0
-0.0,0.0
-0.0,0.0
-0.0,0.0
-0.0,0.0
-0.0,0.0
-0.0,0.0
-0.0,0.0
-0.0,0.0
-0.0,0.0
-0.0,0.0
-0.0,0.0
-0.0,0.0
-0.0,0.0
-0.0,0.0
-0.0,0.0
-0.0,0.0
-0.0,0.0
-0.0,0.0
-0.0,0.0
-0.0,0.0
-0.0,0.0
-0.0,0.0
-0.0,0.0
-0.0,0.0
-0.0,0.0
-0.0,0.0
-0.0,0.0
-0.0,0.0
-0.0,0.0
-0.0,0.0
-0.0,0.0
-0.0,0.0
-0.0,0.0
-0.0,0.0
-0.0,0.0
-0.0,0.0
-0.0,0.0
-0.0,0.0
-0.0,0.0
-0.0,0.0
-0.0,0.0
-0.0,0.0
-0.0,0.0
-0.0,0.0
-0.0,0.0
-0.0,0.0
-0.0,0.0
-0.0,0.0
-0.0,0.0
-0.0,0.0
-0.0,0.0
-0.0,0.0
-0.0,0.0
-0.0,0.0
-0.0,0.0
-0.0,0.0
-0.0,0.0
-0.0,0.0
-0.0,0.0
-0.0,0.0
-0.0,0.0
-0.0,0.0
-0.0,0.0
-0.0,0.0
-0.0,0.0
-0.0,0.0
-0.0,0.0
-0.0,0.0
-0.0,0.0
-0.0,0.0
-0.0,0.0
-0.0,0.0
-0.0,0.0
-0.0,0.0
-0.0,0.0
-0.0,0.0
-0.0,0.0
-0.0,0.0
-0.0,0.0
-0.0,0.0
-0.0,0.0
-0.0,0.0
-0.0,0.0
-0.0,0.0
-0.0,0.0
-0.0,0.0
-0.0,0.0
-0.0,0.0
-0.0,0.0
-0.0,0.0
-0.0,0.0
-0.0,0.0
-0.0,0.0
-0.0,0.0
-0.0,0.0
-0.0,0.0
-0.0,0.0
-0.0,0.0
-0.0,0.0
-0.0,0.0
-0.0,0.0
-0.0,0.0
-0.0,0.0
-0.0,0.0
-0.0,0.0
-0.0,0.0
-0.0,0.0
-0.0,0.0
-0.0,0.0
-0.0,0.0
-0.0,0.0
-0.0,0.0
-0.0,0.0
-0.0,0.0
-0.0,0.0
-0.0,0.0
-0.0,0.0
-0.0,0.0
-0.0,0.0
-0.0,0.0
-0.0,0.0
-0.0,0.0
-0.0,0.0
-0.0,0.0
-0.0,0.0
-0.0,0.0
-0.0,0.0
-0.0,0.0
-0.0,0.0
-0.0,0.0
-0.0,0.0
-0.0,0.0
-0.0,0.0
-0.0,0.0
-0.0,0.0
-0.0,0.0
-0.0,0.0
-0.0,0.0
-0.0,0.0
-0.0,0.0
-0.0,0.0
-0.0,0.0
-0.0,0.0
-0.0,0.0
-0.0,0.0
-0.0,0.0
-0.0,0.0
-0.0,0.0
-0.0,0.0
-0.0,0.0
-0.0,0.0
-0.0,0.0
-0.0,0.0
-0.0,0.0
-0.0,0.0
-0.0,0.0
-0.0,0.0
-0.0,0.0
-0.0,0.0
-0.0,0.0
-0.0,0.0
-0.0,0.0
-0.0,0.0
-0.0,0.0
-0.0,0.0
-0.0,0.0
-0.0,0.0
-0.0,0.0
-0.0,0.0
-0.0,0.0
-0.0,0.0
-0.0,0.0
-0.0,0.0
-0.0,0.0
-0.0,0.0
-0.0,0.0
-0.0,0.0
-0.0,0.0
-0.0,0.0
-0.0,0.0
-0.0,0.0
-0.0,0.0
-0.0,0.0
-0.0,0.0
-0.0,0.0
-0.0,0.0
-0.0,0.0
-0.0,0.0
-0.0,0.0
-0.0,0.0
-0.0,0.0
-0.0,0.0
-0.0,0.0
-0.0,0.0
-0.0,0.0
-0.0,0.0
-0.0,0.0
-0.0,0.0
-0.0,0.0
-0.0,0.0
-0.0,0.0
-0.0,0.0
-0.0,0.0
-0.0,0.0
-0.0,0.0
-0.0,0.0
-0.0,0.0
-0.0,0.0
-0.0,0.0
-0.0,0.0
-0.0,0.0
-0.0,0.0
-0.0,0.0
-0.0,0.0
-0.0,0.0
-0.0,0.0
-0.0,0.0
-0.0,0.0
-0.0,0.0
-0.0,0.0
-0.0,0.0
-0.0,0.0
-0.0,0.0
-0.0,0.0
-0.0,0.0
-0.0,0.0
-0.0,0.0
-0.0,0.0
-0.0,0.0
-0.0,0.0
-0.0,0.0
-0.0,0.0
-0.0,0.0
-0.0,0.0
-0.0,0.0
-0.0,0.0
-0.0,0.0
-0.0,0.0
-0.0,0.0
-0.0,0.0
-0.0,0.0
-0.0,0.0
-0.0,0.0
-0.0,0.0
-0.0,0.0
-0.0,0.0
-0.0,0.0
-0.0,0.0
-0.0,0.0
-0.0,0.0
-0.0,0.0
-0.0,0.0
-0.0,0.0
-0.0,0.0
-0.0,0.0
-0.0,0.0
-0.0,0.0
-0.0,0.0
-0.0,0.0
-0.0,0.0
-0.0,0.0
-0.0,0.0
-0.0,0.0
-0.0,0.0
-0.0,0.0
-0.0,0.0
-0.0,0.0
-0.0,0.0
-0.0,0.0
-0.0,0.0
-0.0,0.0
-0.0,0.0
-0.0,0.0
-0.0,0.0
-0.0,0.0
-0.0,0.0
-0.0,0.0
-0.0,0.0
-0.0,0.0
-0.0,0.0
-0.0,0.0
-0.0,0.0
-0.0,0.0
-0.0,0.0
-0.0,0.0
-0.0,0.0
-0.0,0.0
-0.0,0.0
-0.0,0.0
-0.0,0.0
-0.0,0.0
-0.0,0.0
-0.0,0.0
-0.0,0.0
-0.0,0.0
-0.0,0.0
-0.0,0.0
-0.0,0.0
-0.0,0.0
-0.0,0.0
-0.0,0.0
-0.0,0.0
-0.0,0.0
-0.0,0.0
-0.0,0.0
-0.0,0.0
-0.0,0.0
-0.0,0.0
-0.0,0.0
-0.0,0.0
-0.0,0.0
-0.0,0.0
-0.0,0.0
-0.0,0.0
-0.0,0.0
-0.0,0.0
-0.0,0.0
-0.0,0.0
-0.0,0.0
-0.0,0.0
-0.0,0.0
-0.0,0.0
-0.0,0.0
-0.0,0.0
-0.0,0.0
-0.0,0.0
-0.0,0.0
-0.0,0.0
-0.0,0.0
-0.0,0.0
-0.0,0.0
-0.0,0.0
-0.0,0.0
-0.0,0.0
-0.0,0.0
-0.0,0.0
-0.0,0.0
-0.0,0.0
-0.0,0.0
-0.0,0.0
-0.0,0.0
-0.0,0.0
-0.0,0.0
-0.0,0.0
-0.0,0.0
-0.0,0.0
-0.0,0.0
-0.0,0.0
-0.0,0.0
-0.0,0.0
-0.0,0.0
-0.0,0.0
-0.0,0.0
-0.0,0.0
-0.0,0.0
-0.0,0.0
-0.0,0.0
-0.0,0.0
-0.0,0.0
-0.0,0.0
-0.0,0.0
-0.0,0.0
-0.0,0.0
-0.0,0.0
-0.0,0.0
-0.0,0.0
-0.0,0.0
-0.0,0.0
-0.0,0.0
-0.0,0.0
-0.0,0.0
-0.0,0.0
-0.0,0.0
-0.0,0.0
-0.0,0.0
-0.0,0.0
-0.0,0.0
-0.0,0.0
-0.0,0.0
-0.0,0.0
-0.0,0.0
-0.0,0.0
-0.0,0.0
-0.0,0.0
-0.0,0.0
-0.0,0.0
-0.0,0.0
-0.0,0.0
-0.0,0.0
-0.0,0.0
-0.0,0.0
-0.0,0.0
-0.0,0.0
-0.0,0.0
-0.0,0.0
-0.0,0.0
-0.0,0.0
-0.0,0.0
-0.0,0.0
-0.0,0.0
-0.0,0.0
-0.0,0.0
-0.0,0.0
-0.0,0.0
-0.0,0.0
-0.0,0.0
-0.0,0.0
-0.0,0.0
-0.0,0.0
-0.0,0.0
-0.0,0.0
-0.0,0.0
-0.0,0.0
-0.0,0.0
-0.0,0.0
-0.0,0.0
-0.0,0.0
-0.0,0.0
-0.0,0.0
-0.0,0.0
-0.0,0.0
-0.0,0.0
-0.0,0.0
-0.0,0.0
-0.0,0.0
-0.0,0.0
-0.0,0.0
-0.0,0.0
-0.0,0.0
-0.0,0.0
-0.0,0.0
-0.0,0.0
-0.0,0.0
-0.0,0.0
-0.0,0.0
-0.0,0.0
-0.0,0.0
-0.0,0.0
-0.0,0.0
-0.0,0.0
-0.0,0.0
-0.0,0.0
-0.0,0.0
-0.0,0.0
-0.0,0.0
-0.0,0.0
-0.0,0.0
-0.0,0.0
-0.0,0.0
-0.0,0.0
-0.0,0.0
-0.0,0.0
-0.0,0.0
-0.0,0.0
-0.0,0.0
-0.0,0.0
-0.0,0.0
-0.0,0.0
-0.0,0.0
-0.0,0.0
-0.0,0.0
-0.0,0.0
-0.0,0.0
-0.0,0.0
-0.0,0.0
-0.0,0.0
-0.0,0.0
-0.0,0.0
-0.0,0.0
-0.0,0.0
-0.0,0.0
-0.0,0.0
-0.0,0.0
-0.0,0.0
-0.0,0.0
-0.0,0.0
-0.0,0.0
-0.0,0.0
-0.0,0.0
-0.0,0.0
-0.0,0.0
-0.0,0.0
-0.0,0.0
-0.0,0.0
-0.0,0.0
-0.0,0.0
-0.0,0.0
-0.0,0.0
-0.0,0.0
-0.0,0.0
-0.0,0.0
-0.0,0.0
-0.0,0.0
-0.0,0.0
-0.0,0.0
-0.0,0.0
-0.0,0.0
-0.0,0.0
-0.0,0.0
-0.0,0.0
-0.0,0.0
-0.0,0.0
-0.0,0.0
-0.0,0.0
-0.0,0.0
-0.0,0.0
-0.0,0.0
-0.0,0.0
-0.0,0.0
-0.0,0.0
-0.0,0.0
-0.0,0.0
-0.0,0.0
-0.0,0.0
-0.0,0.0
-0.0,0.0
-0.0,0.0
-0.0,0.0
-0.0,0.0
-0.0,0.0
-0.0,0.0
-0.0,0.0
-0.0,0.0
-0.0,0.0
-0.0,0.0
-0.0,0.0
-0.0,0.0
-0.0,0.0
-0.0,0.0
-0.0,0.0
-0.0,0.0
-0.0,0.0
-0.0,0.0
-0.0,0.0
-0.0,0.0
-0.0,0.0
-0.0,0.0
-0.0,0.0
-0.0,0.0
-0.0,0.0
-0.0,0.0
-0.0,0.0
-0.0,0.0
-0.0,0.0
-0.0,0.0
-0.0,0.0
-0.0,0.0
-0.0,0.0
-0.0,0.0
-0.0,0.0
-0.0,0.0
-0.0,0.0
-0.0,0.0
-0.0,0.0
-0.0,0.0
-0.0,0.0
-0.0,0.0
-0.0,0.0
-0.0,0.0
-0.0,0.0
-0.0,0.0
-0.0,0.0
-0.0,0.0
-0.0,0.0
-0.0,0.0
-0.0,0.0
-0.0,0.0
-0.0,0.0
-0.0,0.0
-0.0,0.0
-0.0,0.0
-0.0,0.0
-0.0,0.0
-0.0,0.0
-0.0,0.0
-0.0,0.0
-0.0,0.0
-0.0,0.0
-0.0,0.0
-0.0,0.0
-0.0,0.0
-0.0,0.0
-0.0,0.0
-0.0,0.0
-0.0,0.0
-0.0,0.0
-0.0,0.0
-0.0,0.0
-0.0,0.0
-0.0,0.0
-0.0,0.0
-0.0,0.0
-0.0,0.0
-0.0,0.0
-0.0,0.0
-0.0,0.0
-0.0,0.0
-0.0,0.0
-0.0,0.0
-0.0,0.0
-0.0,0.0
-0.0,0.0
-0.0,0.0
-0.0,0.0
-0.0,0.0
-0.0,0.0
-0.0,0.0
-0.0,0.0
-0.0,0.0
-0.0,0.0
-0.0,0.0
-0.0,0.0
-0.0,0.0
-0.0,0.0
-0.0,0.0
-0.0,0.0
-0.0,0.0
-0.0,0.0
-0.0,0.0
-0.0,0.0
-0.0,0.0
-0.0,0.0
-0.0,0.0
-0.0,0.0
-0.0,0.0
-0.0,0.0
-0.0,0.0
-0.0,0.0
-0.0,0.0
-0.0,0.0
-0.0,0.0
-0.0,0.0
-0.0,0.0
-0.0,0.0
-0.0,0.0
-0.0,0.0
-0.0,0.0
-0.0,0.0
-0.0,0.0
-0.0,0.0
-0.0,0.0
-0.0,0.0
-0.0,0.0
-0.0,0.0
-0.0,0.0
-0.0,0.0
-0.0,0.0
-0.0,0.0
-0.0,0.0
-0.0,0.0
-0.0,0.0
-0.0,0.0
-0.0,0.0
-0.0,0.0
-0.0,0.0
-0.0,0.0
-0.0,0.0
-0.0,0.0
-0.0,0.0
-0.0,0.0
-0.0,0.0
-0.0,0.0
-0.0,0.0
-0.0,0.0
-0.0,0.0
-0.0,0.0
-0.0,0.0
-0.0,0.0
-0.0,0.0
-0.0,0.0
-0.0,0.0
-0.0,0.0
-0.0,0.0
-0.0,0.0
-0.0,0.0
-0.0,0.0
-0.0,0.0
-0.0,0.0
-0.0,0.0
-0.0,0.0
-0.0,0.0
-0.0,0.0
-0.0,0.0
-0.0,0.0
-0.0,0.0
-0.0,0.0
-0.0,0.0
-0.0,0.0
-0.0,0.0
-0.0,0.0
-0.0,0.0
-0.0,0.0
-0.0,0.0
-0.0,0.0
-0.0,0.0
-0.0,0.0
-0.0,0.0
-0.0,0.0
-0.0,0.0
-0.0,0.0
-0.0,0.0
-0.0,0.0
-0.0,0.0
-0.0,0.0
-0.0,0.0
-0.0,0.0
-0.0,0.0
-0.0,0.0
-0.0,0.0
-0.0,0.0
-0.0,0.0
-0.0,0.0
-0.0,0.0
-0.0,0.0
-0.0,0.0
-0.0,0.0
-0.0,0.0
-0.0,0.0
-0.0,0.0
-0.0,0.0
-0.0,0.0
-0.0,0.0
-0.0,0.0
-0.0,0.0
-0.0,0.0
-0.0,0.0
-0.0,0.0
-0.0,0.0
-0.0,0.0
-0.0,0.0
-0.0,0.0
-0.0,0.0
-0.0,0.0
-0.0,0.0
-0.0,0.0
-0.0,0.0
-0.0,0.0
-0.0,0.0
-0.0,0.0
-0.0,0.0
-0.0,0.0
-0.0,0.0
-0.0,0.0
-0.0,0.0
-0.0,0.0
-0.0,0.0
-0.0,0.0
-0.0,0.0
-0.0,0.0
-0.0,0.0
-0.0,0.0
-0.0,0.0
-0.0,0.0
-0.0,0.0
-0.0,0.0
-0.0,0.0
-0.0,0.0
-0.0,0.0
-0.0,0.0
-0.0,0.0
-0.0,0.0
-0.0,0.0
-0.0,0.0
-0.0,0.0
-0.0,0.0
-0.0,0.0
-0.0,0.0
-0.0,0.0
-0.0,0.0
-0.0,0.0
-0.0,0.0
-0.0,0.0
-0.0,0.0
-0.0,0.0
-0.0,0.0
-0.0,0.0
-0.0,0.0
-0.0,0.0
-0.0,0.0
-0.0,0.0
-0.0,0.0
-0.0,0.0
-0.0,0.0
-0.0,0.0
-0.0,0.0
-0.0,0.0
-0.0,0.0
-0.0,0.0
-0.0,0.0
-0.0,0.0
-0.0,0.0
-0.0,0.0
-0.0,0.0
-0.0,0.0
-0.0,0.0
-0.0,0.0
-0.0,0.0
-0.0,0.0
-0.0,0.0
-0.0,0.0
-0.0,0.0
-0.0,0.0
-0.0,0.0
-0.0,0.0
-0.0,0.0
-0.0,0.0
-0.0,0.0
-0.0,0.0
-0.0,0.0
-0.0,0.0
-0.0,0.0
-0.0,0.0
-0.0,0.0
-0.0,0.0
-0.0,0.0
-0.0,0.0
-0.0,0.0
-0.0,0.0
-0.0,0.0
-0.0,0.0
-0.0,0.0
-0.0,0.0
-0.0,0.0
-0.0,0.0
-0.0,0.0
-0.0,0.0
-0.0,0.0
-0.0,0.0
-0.0,0.0
-0.0,0.0
-0.0,0.0
-0.0,0.0
-0.0,0.0
-0.0,0.0
-0.0,0.0
-0.0,0.0
-0.0,0.0
-0.0,0.0
-0.0,0.0
-0.0,0.0
-0.0,0.0
-0.0,0.0
-0.0,0.0
-0.0,0.0
-0.0,0.0
-0.0,0.0
-0.0,0.0
-0.0,0.0
-0.0,0.0
-0.0,0.0
-0.0,0.0
-0.0,0.0
-0.0,0.0
-0.0,0.0
-0.0,0.0
-0.0,0.0
-0.0,0.0
-0.0,0.0
-0.0,0.0
-0.0,0.0
-0.0,0.0
-0.0,0.0
-0.0,0.0
-0.0,0.0
-0.0,0.0
-0.0,0.0
-0.0,0.0
-0.0,0.0
-0.0,0.0
-0.0,0.0
-0.0,0.0
-0.0,0.0
-0.0,0.0
-0.0,0.0
-0.0,0.0
-0.0,0.0
-0.0,0.0
-0.0,0.0
-0.0,0.0
-0.0,0.0
-0.0,0.0
-0.0,0.0
-0.0,0.0
-0.0,0.0
-0.0,0.0
-0.0,0.0
-0.0,0.0
-0.0,0.0
-0.0,0.0
-0.0,0.0
-0.0,0.0
-0.0,0.0
-0.0,0.0
-0.0,0.0
-0.0,0.0
-0.0,0.0
-0.0,0.0
-0.0,0.0
-0.0,0.0
-0.0,0.0
-0.0,0.0
-0.0,0.0
-0.0,0.0
-0.0,0.0
-0.0,0.0
-0.0,0.0
-0.0,0.0
-0.0,0.0
-0.0,0.0
-0.0,0.0
-0.0,0.0
-0.0,0.0
-0.0,0.0
-0.0,0.0
-0.0,0.0
-0.0,0.0
-0.0,0.0
-0.0,0.0
-0.0,0.0
-0.0,0.0
-0.0,0.0
-0.0,0.0
-0.0,0.0
-0.0,0.0
-0.0,0.0
-0.0,0.0
-0.0,0.0
-0.0,0.0
-0.0,0.0
-0.0,0.0
-0.0,0.0
-0.0,0.0
-0.0,0.0
-0.0,0.0
-0.0,0.0
-0.0,0.0
-0.0,0.0
-0.0,0.0
-0.0,0.0
-0.0,0.0
-0.0,0.0
-0.0,0.0
-0.0,0.0
-0.0,0.0
-0.0,0.0
-0.0,0.0
-0.0,0.0
-0.0,0.0
-0.0,0.0
-0.0,0.0
-0.0,0.0
-0.0,0.0
-0.0,0.0
-0.0,0.0
-0.0,0.0
-0.0,0.0
-0.0,0.0
-0.0,0.0
-0.0,0.0
-0.0,0.0
-0.0,0.0
-0.0,0.0
-0.0,0.0
-0.0,0.0
-0.0,0.0
-0.0,0.0
-0.0,0.0
-0.0,0.0
-0.0,0.0
-0.0,0.0
-0.0,0.0
-0.0,0.0
-0.0,0.0
-0.0,0.0
-0.0,0.0
-0.0,0.0
-0.0,0.0
-0.0,0.0
-0.0,0.0
-0.0,0.0
-0.0,0.0
-0.0,0.0
-0.0,0.0
-0.0,0.0
-0.0,0.0
-0.0,0.0
-0.0,0.0
-0.0,0.0
-0.0,0.0
-0.0,0.0
-0.0,0.0
-0.0,0.0
-0.0,0.0
-0.0,0.0
-0.0,0.0
-0.0,0.0
-0.0,0.0
-0.0,0.0
-0.0,0.0
-0.0,0.0
-0.0,0.0
-0.0,0.0
-0.0,0.0
-0.0,0.0
-0.0,0.0
-0.0,0.0
-0.0,0.0
-0.0,0.0
-0.0,0.0
-0.0,0.0
-0.0,0.0
-0.0,0.0
-0.0,0.0
-0.0,0.0
-0.0,0.0
-0.0,0.0
-0.0,0.0
-0.0,0.0
-0.0,0.0
-0.0,0.0
-0.0,0.0
-0.0,0.0
-0.0,0.0
-0.0,0.0
-0.0,0.0
-0.0,0.0
-0.0,0.0
-0.0,0.0
-0.0,0.0
-0.0,0.0
-0.0,0.0
-0.0,0.0
-0.0,0.0
-0.0,0.0
-0.0,0.0
-0.0,0.0
-0.0,0.0
-0.0,0.0
-0.0,0.0
-0.0,0.0
-0.0,0.0
-0.0,0.0
-0.0,0.0
-0.0,0.0
-0.0,0.0
-0.0,0.0
-0.0,0.0
-0.0,0.0
-0.0,0.0
-0.0,0.0
-0.0,0.0
-0.0,0.0
-0.0,0.0
-0.0,0.0
-0.0,0.0
-0.0,0.0
-0.0,0.0
-0.0,0.0
-0.0,0.0
-0.0,0.0
-0.0,0.0
-0.0,0.0
-0.0,0.0
-0.0,0.0
-0.0,0.0
-0.0,0.0
-0.0,0.0
-0.0,0.0
-0.0,0.0
-0.0,0.0
-0.0,0.0
-0.0,0.0
-0.0,0.0
-0.0,0.0
-0.0,0.0
-0.0,0.0
-0.0,0.0
-0.0,0.0
-0.0,0.0
-0.0,0.0
-0.0,0.0
-0.0,0.0
-0.0,0.0
-0.0,0.0
-0.0,0.0
-0.0,0.0
-0.0,0.0
-0.0,0.0
-0.0,0.0
-0.0,0.0
-0.0,0.0
-0.0,0.0
-0.0,0.0
-0.0,0.0
-0.0,0.0
-0.0,0.0
-0.0,0.0
-0.0,0.0
-0.0,0.0
-0.0,0.0
-0.0,0.0
-0.0,0.0
-0.0,0.0
-0.0,0.0
-0.0,0.0
-0.0,0.0
-0.0,0.0
-0.0,0.0
-0.0,0.0
-0.0,0.0
-0.0,0.0
-0.0,0.0
-0.0,0.0
-0.0,0.0
-0.0,0.0
-0.0,0.0
-0.0,0.0
-0.0,0.0
-0.0,0.0
-0.0,0.0
-0.0,0.0
-0.0,0.0
-0.0,0.0
-0.0,0.0
-0.0,0.0
-0.0,0.0
-0.0,0.0
-0.0,0.0
-0.0,0.0
-0.0,0.0
-0.0,0.0
-0.0,0.0
-0.0,0.0
-0.0,0.0
-0.0,0.0
-0.0,0.0
-0.0,0.0
-0.0,0.0
-0.0,0.0
-0.0,0.0
-0.0,0.0
-0.0,0.0
-0.0,0.0
-0.0,0.0
-0.0,0.0
-0.0,0.0
-0.0,0.0
-0.0,0.0
-0.0,0.0
-0.0,0.0
-0.0,0.0
-0.0,0.0
-0.0,0.0
-0.0,0.0
-0.0,0.0
-0.0,0.0
-0.0,0.0
-0.0,0.0
-0.0,0.0
-0.0,0.0
-0.0,0.0
-0.0,0.0
-0.0,0.0
-0.0,0.0
-0.0,0.0
-0.0,0.0
-0.0,0.0
-0.0,0.0
-0.0,0.0
-0.0,0.0
-0.0,0.0
-0.0,0.0
-0.0,0.0
-0.0,0.0
-0.0,0.0
-0.0,0.0
-0.0,0.0
-0.0,0.0
-0.0,0.0
-0.0,0.0
-0.0,0.0
-0.0,0.0
-0.0,0.0
-0.0,0.0
-0.0,0.0
-0.0,0.0
-0.0,0.0
-0.0,0.0
-0.0,0.0
-0.0,0.0
-0.0,0.0
-0.0,0.0
-0.0,0.0
-0.0,0.0
-0.0,0.0
-0.0,0.0
-0.0,0.0
-0.0,0.0
-0.0,0.0
-0.0,0.0
-0.0,0.0
-0.0,0.0
-0.0,0.0
-0.0,0.0
-0.0,0.0
-0.0,0.0
-0.0,0.0
-0.0,0.0
-0.0,0.0
-0.0,0.0
-0.0,0.0
-0.0,0.0
-0.0,0.0
-0.0,0.0
-0.0,0.0
-0.0,0.0
-0.0,0.0
-0.0,0.0
-0.0,0.0
-0.0,0.0
-0.0,0.0
-0.0,0.0
-0.0,0.0
-0.0,0.0
-0.0,0.0
-0.0,0.0
-0.0,0.0
-0.0,0.0
-0.0,0.0
-0.0,0.0
-0.0,0.0
-0.0,0.0
-0.0,0.0
-0.0,0.0
-0.0,0.0
-0.0,0.0
-0.0,0.0
-0.0,0.0
-0.0,0.0
-0.0,0.0
-0.0,0.0
-0.0,0.0
-0.0,0.0
-0.0,0.0
-0.0,0.0
-0.0,0.0
-0.0,0.0
-0.0,0.0
-0.0,0.0
-0.0,0.0
-0.0,0.0
-0.0,0.0
-0.0,0.0
-0.0,0.0
-0.0,0.0
-0.0,0.0
-0.0,0.0
-0.0,0.0
-0.0,0.0
-0.0,0.0
-0.0,0.0
-0.0,0.0
-0.0,0.0
-0.0,0.0
-0.0,0.0
-0.0,0.0
-0.0,0.0
-0.0,0.0
-0.0,0.0
-0.0,0.0
-0.0,0.0
-0.0,0.0
-0.0,0.0
-0.0,0.0
-0.0,0.0
-0.0,0.0
-0.0,0.0
-0.0,0.0
-0.0,0.0
-0.0,0.0
-0.0,0.0
-0.0,0.0
-0.0,0.0
-0.0,0.0
-0.0,0.0
-0.0,0.0
-0.0,0.0
-0.0,0.0
-0.0,0.0
-0.0,0.0
-0.0,0.0
-0.0,0.0
-0.0,0.0
-0.0,0.0
-0.0,0.0
-0.0,0.0
-0.0,0.0
-0.0,0.0
-0.0,0.0
-0.0,0.0
-0.0,0.0
-0.0,0.0
-0.0,0.0
-0.0,0.0
-0.0,0.0
-0.0,0.0
-0.0,0.0
-0.0,0.0
-0.0,0.0
-0.0,0.0
-0.0,0.0
-0.0,0.0
-0.0,0.0
-0.0,0.0
-0.0,0.0
-0.0,0.0
-0.0,0.0
-0.0,0.0
-0.0,0.0
-0.0,0.0
-0.0,0.0
-0.0,0.0
-0.0,0.0
-0.0,0.0
-0.0,0.0
-0.0,0.0
-0.0,0.0
-0.0,0.0
-0.0,0.0
-0.0,0.0
-0.0,0.0
-0.0,0.0
-0.0,0.0
-0.0,0.0
-0.0,0.0
-0.0,0.0
-0.0,0.0
-0.0,0.0
-0.0,0.0
-0.0,0.0
-0.0,0.0
-0.0,0.0
-0.0,0.0
-0.0,0.0
-0.0,0.0
-0.0,0.0
-0.0,0.0
-0.0,0.0
-0.0,0.0
-0.0,0.0
-0.0,0.0
-0.0,0.0
-0.0,0.0
-0.0,0.0
-0.0,0.0
-0.0,0.0
-0.0,0.0
-0.0,0.0
-0.0,0.0
-0.0,0.0
-0.0,0.0
-0.0,0.0
-0.0,0.0
-0.0,0.0
-0.0,0.0
-0.0,0.0
-0.0,0.0
-0.0,0.0
-0.0,0.0
-0.0,0.0
-0.0,0.0
-0.0,0.0
-0.0,0.0
-0.0,0.0
-0.0,0.0
-0.0,0.0
-0.0,0.0
-0.0,0.0
-0.0,0.0
-0.0,0.0
-0.0,0.0
-0.0,0.0
-0.0,0.0
-0.0,0.0
-0.0,0.0
-0.0,0.0
-0.0,0.0
-0.0,0.0
-0.0,0.0
-0.0,0.0
-0.0,0.0
-0.0,0.0
-0.0,0.0
-0.0,0.0
-0.0,0.0
-0.0,0.0
-0.0,0.0
-0.0,0.0
-0.0,0.0
-0.0,0.0
-0.0,0.0
-0.0,0.0
-0.0,0.0
-0.0,0.0
-0.0,0.0
-0.0,0.0
-0.0,0.0
-0.0,0.0
-0.0,0.0
-0.0,0.0
-0.0,0.0
-0.0,0.0
-0.0,0.0
-0.0,0.0
-0.0,0.0
-0.0,0.0
-0.0,0.0
-0.0,0.0
-0.0,0.0
-0.0,0.0
-0.0,0.0
-0.0,0.0
-0.0,0.0
-0.0,0.0
-0.0,0.0
-0.0,0.0
-0.0,0.0
-0.0,0.0
-0.0,0.0
-0.0,0.0
-0.0,0.0
-0.0,0.0
-0.0,0.0
-0.0,0.0
-0.0,0.0
-0.0,0.0
-0.0,0.0
-0.0,0.0
-0.0,0.0
-0.0,0.0
-0.0,0.0
-0.0,0.0
-0.0,0.0
-0.0,0.0
-0.0,0.0
-0.0,0.0
-0.0,0.0
-0.0,0.0
-0.0,0.0
-0.0,0.0
-0.0,0.0
-0.0,0.0
-0.0,0.0
-0.0,0.0
-0.0,0.0
-0.0,0.0
-0.0,0.0
-0.0,0.0
-0.0,0.0
-0.0,0.0
-0.0,0.0
-0.0,0.0
-0.0,0.0
-0.0,0.0
-0.0,0.0
-0.0,0.0
-0.0,0.0
-0.0,0.0
-0.0,0.0
-0.0,0.0
-0.0,0.0
-0.0,0.0
-0.0,0.0
-0.0,0.0
-0.0,0.0
-0.0,0.0
-0.0,0.0
-0.0,0.0
-0.0,0.0
-0.0,0.0
-0.0,0.0
-0.0,0.0
-0.0,0.0
-0.0,0.0
-0.0,0.0
-0.0,0.0
-0.0,0.0
-0.0,0.0
-0.0,0.0
-0.0,0.0
-0.0,0.0
-0.0,0.0
-0.0,0.0
-0.0,0.0
-0.0,0.0
-0.0,0.0
-0.0,0.0
-0.0,0.0
-0.0,0.0
-0.0,0.0
-0.0,0.0
-0.0,0.0
-0.0,0.0
-0.0,0.0
-0.0,0.0
-0.0,0.0
-0.0,0.0
-0.0,0.0
-0.0,0.0
-0.0,0.0
-0.0,0.0
-0.0,0.0
-0.0,0.0
-0.0,0.0
-0.0,0.0
-0.0,0.0
-0.0,0.0
-0.0,0.0
-0.0,0.0
-0.0,0.0
-0.0,0.0
-0.0,0.0
-0.0,0.0
-0.0,0.0
-0.0,0.0
-0.0,0.0
-0.0,0.0
-0.0,0.0
-0.0,0.0
-0.0,0.0
-0.0,0.0
-0.0,0.0
-0.0,0.0
-0.0,0.0
-0.0,0.0
-0.0,0.0
-0.0,0.0
-0.0,0.0
-0.0,0.0
-0.0,0.0
-0.0,0.0
-0.0,0.0
-0.0,0.0
-0.0,0.0
-0.0,0.0
-0.0,0.0
-0.0,0.0
-0.0,0.0
-0.0,0.0
-0.0,0.0
-0.0,0.0
-0.0,0.0
-0.0,0.0
-0.0,0.0
-0.0,0.0
-0.0,0.0
-0.0,0.0
-0.0,0.0
-0.0,0.0
-0.0,0.0
-0.0,0.0
-0.0,0.0
-0.0,0.0
-0.0,0.0
-0.0,0.0
-0.0,0.0
-0.0,0.0
-0.0,0.0
-0.0,0.0
-0.0,0.0
-0.0,0.0
-0.0,0.0
-0.0,0.0
-0.0,0.0
-0.0,0.0
-0.0,0.0
-0.0,0.0
-0.0,0.0
-0.0,0.0
-0.0,0.0
-0.0,0.0
-0.0,0.0
-0.0,0.0
-0.0,0.0
-0.0,0.0
-0.0,0.0
-0.0,0.0
-0.0,0.0
-0.0,0.0
-0.0,0.0
-0.0,0.0
-0.0,0.0
-0.0,0.0
-0.0,0.0
-0.0,0.0
-0.0,0.0
-0.0,0.0
-0.0,0.0
-0.0,0.0
-0.0,0.0
-0.0,0.0
-0.0,0.0
-0.0,0.0
-0.0,0.0
-0.0,0.0
-0.0,0.0
-0.0,0.0
-0.0,0.0
-0.0,0.0
-0.0,0.0
-0.0,0.0
-0.0,0.0
-0.0,0.0
-0.0,0.0
-0.0,0.0
-0.0,0.0
-0.0,0.0
-0.0,0.0
-0.0,0.0
-0.0,0.0
-0.0,0.0
-0.0,0.0
-0.0,0.0
-0.0,0.0
-0.0,0.0
-0.0,0.0
-0.0,0.0
-0.0,0.0
-0.0,0.0
-0.0,0.0
-0.0,0.0
-0.0,0.0
-0.0,0.0
-0.0,0.0
-0.0,0.0
-0.0,0.0
-0.0,0.0
-0.0,0.0
-0.0,0.0
-0.0,0.0
-0.0,0.0
-0.0,0.0
-0.0,0.0
-0.0,0.0
-0.0,0.0
-0.0,0.0
-0.0,0.0
-0.0,0.0
-0.0,0.0
-0.0,0.0
-0.0,0.0
-0.0,0.0
-0.0,0.0
-0.0,0.0
-0.0,0.0
-0.0,0.0
-0.0,0.0
-0.0,0.0
-0.0,0.0
-0.0,0.0
-0.0,0.0
-0.0,0.0
-0.0,0.0
-0.0,0.0
-0.0,0.0
-0.0,0.0
-0.0,0.0
-0.0,0.0
-0.0,0.0
-0.0,0.0
-0.0,0.0
-0.0,0.0
-0.0,0.0
-0.0,0.0
-0.0,0.0
-0.0,0.0
-0.0,0.0
-0.0,0.0
-0.0,0.0
-0.0,0.0
-0.0,0.0
-0.0,0.0
-0.0,0.0
-0.0,0.0
-0.0,0.0
-0.0,0.0
-0.0,0.0
-0.0,0.0
-0.0,0.0
-0.0,0.0
-0.0,0.0
-0.0,0.0
-0.0,0.0
-0.0,0.0
-0.0,0.0
-0.0,0.0
-0.0,0.0
-0.0,0.0
-0.0,0.0
-0.0,0.0
-0.0,0.0
-0.0,0.0
-0.0,0.0
-0.0,0.0
-0.0,0.0
-0.0,0.0
-0.0,0.0
-0.0,0.0
-0.0,0.0
-0.0,0.0
-0.0,0.0
-0.0,0.0
-0.0,0.0
-0.0,0.0
-0.0,0.0
-0.0,0.0
-0.0,0.0
-0.0,0.0
-0.0,0.0
-0.0,0.0
-0.0,0.0
-0.0,0.0
-0.0,0.0
-0.0,0.0
-0.0,0.0
-0.0,0.0
-0.0,0.0
-0.0,0.0
-0.0,0.0
-0.0,0.0
-0.0,0.0
-0.0,0.0
-0.0,0.0
-0.0,0.0
-0.0,0.0
-0.0,0.0
-0.0,0.0
-0.0,0.0
-0.0,0.0
-0.0,0.0
-0.0,0.0
-0.0,0.0
-0.0,0.0
-0.0,0.0
-0.0,0.0
-0.0,0.0
-0.0,0.0
-0.0,0.0
-0.0,0.0
-0.0,0.0
-0.0,0.0
-0.0,0.0
-0.0,0.0
-0.0,0.0
-0.0,0.0
-0.0,0.0
-0.0,0.0
-0.0,0.0
-0.0,0.0
-0.0,0.0
-0.0,0.0
-0.0,0.0
-0.0,0.0
-0.0,0.0
-0.0,0.0
-0.0,0.0
-0.0,0.0
-0.0,0.0
-0.0,0.0
-0.0,0.0
-0.0,0.0
-0.0,0.0
-0.0,0.0
-0.0,0.0
-0.0,0.0
-0.0,0.0
-0.0,0.0
-0.0,0.0
-0.0,0.0
-0.0,0.0
-0.0,0.0
-0.0,0.0
-0.0,0.0
-0.0,0.0
-0.0,0.0
-0.0,0.0
-0.0,0.0
-0.0,0.0
-0.0,0.0
-0.0,0.0
-0.0,0.0
-0.0,0.0
-0.0,0.0
-0.0,0.0
-0.0,0.0
-0.0,0.0
-0.0,0.0
-0.0,0.0
-0.0,0.0
-0.0,0.0
-0.0,0.0
-0.0,0.0
-0.0,0.0
-0.0,0.0
-0.0,0.0
-0.0,0.0
-0.0,0.0
-0.0,0.0
-0.0,0.0
-0.0,0.0
-0.0,0.0
-0.0,0.0
-0.0,0.0
-0.0,0.0
-0.0,0.0
-0.0,0.0
-0.0,0.0
-0.0,0.0
-0.0,0.0
-0.0,0.0
-0.0,0.0
-0.0,0.0
-0.0,0.0
-0.0,0.0
-0.0,0.0
-0.0,0.0
-0.0,0.0
-0.0,0.0
-0.0,0.0
-0.0,0.0
-0.0,0.0
-0.0,0.0
-0.0,0.0
-0.0,0.0
-0.0,0.0
-0.0,0.0
-0.0,0.0
-0.0,0.0
-0.0,0.0
-0.0,0.0
-0.0,0.0
-0.0,0.0
-0.0,0.0
-0.0,0.0
-0.0,0.0
-0.0,0.0
-0.0,0.0
-0.0,0.0
-0.0,0.0
-0.0,0.0
-0.0,0.0
-0.0,0.0
-0.0,0.0
-0.0,0.0
-0.0,0.0
-0.0,0.0
-0.0,0.0
-0.0,0.0
-0.0,0.0
-0.0,0.0
-0.0,0.0
-0.0,0.0
-0.0,0.0
-0.0,0.0
-0.0,0.0
-0.0,0.0
-0.0,0.0
-0.0,0.0
-0.0,0.0
-0.0,0.0
-0.0,0.0
-0.0,0.0
-0.0,0.0
-0.0,0.0
-0.0,0.0
-0.0,0.0
-0.0,0.0
-0.0,0.0
-0.0,0.0
-0.0,0.0
-0.0,0.0
-0.0,0.0
-0.0,0.0
-0.0,0.0
-0.0,0.0
-0.0,0.0
-0.0,0.0
-0.0,0.0
-0.0,0.0
-0.0,0.0
-0.0,0.0
-0.0,0.0
-0.0,0.0
-0.0,0.0
-0.0,0.0
-0.0,0.0
-0.0,0.0
-0.0,0.0
-0.0,0.0
-0.0,0.0
-0.0,0.0
-0.0,0.0
-0.0,0.0
-0.0,0.0
-0.0,0.0
-0.0,0.0
-0.0,0.0
-0.0,0.0
-0.0,0.0
-0.0,0.0
-0.0,0.0
-0.0,0.0
-0.0,0.0
-0.0,0.0
-0.0,0.0
-0.0,0.0
-0.0,0.0
-0.0,0.0
-0.0,0.0
-0.0,0.0
-0.0,0.0
-0.0,0.0
-0.0,0.0
-0.0,0.0
-0.0,0.0
-0.0,0.0
-0.0,0.0
-0.0,0.0
-0.0,0.0
-0.0,0.0
-0.0,0.0
-0.0,0.0
-0.0,0.0
-0.0,0.0
-0.0,0.0
-0.0,0.0
-0.0,0.0
-0.0,0.0
-0.0,0.0
-0.0,0.0
-0.0,0.0
-0.0,0.0
-0.0,0.0
-0.0,0.0
-0.0,0.0
-0.0,0.0
-0.0,0.0
-0.0,0.0
-0.0,0.0
-0.0,0.0
-0.0,0.0
-0.0,0.0
-0.0,0.0
-0.0,0.0
-0.0,0.0
-0.0,0.0
-0.0,0.0
-0.0,0.0
-0.0,0.0
-0.0,0.0
-0.0,0.0
-0.0,0.0
-0.0,0.0
-0.0,0.0
-0.0,0.0
-0.0,0.0
-0.0,0.0
-0.0,0.0
-0.0,0.0
-0.0,0.0
-0.0,0.0
-0.0,0.0
-0.0,0.0
-0.0,0.0
-0.0,0.0
-0.0,0.0
-0.0,0.0
-0.0,0.0
-0.0,0.0
-0.0,0.0
-0.0,0.0
-0.0,0.0
-0.0,0.0
-0.0,0.0
-0.0,0.0
-0.0,0.0
-0.0,0.0
-0.0,0.0
-0.0,0.0
-0.0,0.0
-0.0,0.0
-0.0,0.0
-0.0,0.0
-0.0,0.0
-0.0,0.0
-0.0,0.0
-0.0,0.0
-0.0,0.0
-0.0,0.0
-0.0,0.0
-0.0,0.0
-0.0,0.0
-0.0,0.0
-0.0,0.0
-0.0,0.0
-0.0,0.0
-0.0,0.0
-0.0,0.0
-0.0,0.0
-0.0,0.0
-0.0,0.0
-0.0,0.0
-0.0,0.0
-0.0,0.0
-0.0,0.0
-0.0,0.0
-0.0,0.0
-0.0,0.0
-0.0,0.0
-0.0,0.0
-0.0,0.0
-0.0,0.0
-0.0,0.0
-0.0,0.0
-0.0,0.0
-0.0,0.0
-0.0,0.0
-0.0,0.0
-0.0,0.0
-0.0,0.0
-0.0,0.0
-0.0,0.0
-0.0,0.0
-0.0,0.0
-0.0,0.0
-0.0,0.0
-0.0,0.0
-0.0,0.0
-0.0,0.0
-0.0,0.0
-0.0,0.0
-0.0,0.0
-0.0,0.0
-0.0,0.0
-0.0,0.0
-0.0,0.0
-0.0,0.0
-0.0,0.0
-0.0,0.0
-0.0,0.0
-0.0,0.0
-0.0,0.0
-0.0,0.0
-0.0,0.0
-0.0,0.0
-0.0,0.0
-0.0,0.0
-0.0,0.0
-0.0,0.0
-0.0,0.0
-0.0,0.0
-0.0,0.0
-0.0,0.0
-0.0,0.0
-0.0,0.0
-0.0,0.0
-0.0,0.0
-0.0,0.0
-0.0,0.0
-0.0,0.0
-0.0,0.0
-0.0,0.0
-0.0,0.0
-0.0,0.0
-0.0,0.0
-0.0,0.0
-0.0,0.0
-0.0,0.0
-0.0,0.0
-0.0,0.0
-0.0,0.0
-0.0,0.0
-0.0,0.0
-0.0,0.0
-0.0,0.0
-0.0,0.0
-0.0,0.0
-0.0,0.0
-0.0,0.0
-0.0,0.0
-0.0,0.0
-0.0,0.0
-0.0,0.0
-0.0,0.0
-0.0,0.0
-0.0,0.0
-0.0,0.0
-0.0,0.0
-0.0,0.0
-0.0,0.0
-0.0,0.0
-0.0,0.0
-0.0,0.0
-0.0,0.0
-0.0,0.0
-0.0,0.0
-0.0,0.0
-0.0,0.0
-0.0,0.0
-0.0,0.0
-0.0,0.0
-0.0,0.0
-0.0,0.0
-0.0,0.0
-0.0,0.0
-0.0,0.0
-0.0,0.0
-0.0,0.0
-0.0,0.0
-0.0,0.0
-0.0,0.0
-0.0,0.0
-0.0,0.0
-0.0,0.0
-0.0,0.0
-0.0,0.0
-0.0,0.0
-0.0,0.0
-0.0,0.0
-0.0,0.0
-0.0,0.0
-0.0,0.0
-0.0,0.0
-0.0,0.0
-0.0,0.0
-0.0,0.0
-0.0,0.0
-0.0,0.0
-0.0,0.0
-0.0,0.0
-0.0,0.0
-0.0,0.0
-0.0,0.0
-0.0,0.0
-0.0,0.0
-0.0,0.0
-0.0,0.0
-0.0,0.0
-0.0,0.0
-0.0,0.0
-0.0,0.0
-0.0,0.0
-0.0,0.0
-0.0,0.0
-0.0,0.0
-0.0,0.0
-0.0,0.0
-0.0,0.0
-0.0,0.0
-0.0,0.0
-0.0,0.0
-0.0,0.0
-0.0,0.0
-0.0,0.0
-0.0,0.0
-0.0,0.0
-0.0,0.0
-0.0,0.0
-0.0,0.0
-0.0,0.0
-0.0,0.0
-0.0,0.0
-0.0,0.0
-0.0,0.0
-0.0,0.0
-0.0,0.0
-0.0,0.0
-0.0,0.0
-0.0,0.0
-0.0,0.0
-0.0,0.0
-0.0,0.0
-0.0,0.0
-0.0,0.0
-0.0,0.0
-0.0,0.0
-0.0,0.0
-0.0,0.0
-0.0,0.0
-0.0,0.0
-0.0,0.0
-0.0,0.0
-0.0,0.0
-0.0,0.0
-0.0,0.0
-0.0,0.0
-0.0,0.0
-0.0,0.0
-0.0,0.0
-0.0,0.0
-0.0,0.0
-0.0,0.0
-0.0,0.0
-0.0,0.0
-0.0,0.0
-0.0,0.0
-0.0,0.0
-0.0,0.0
-0.0,0.0
-0.0,0.0
-0.0,0.0
-0.0,0.0
-0.0,0.0
-0.0,0.0
-0.0,0.0
-0.0,0.0
-0.0,0.0
-0.0,0.0
-0.0,0.0
-0.0,0.0
-0.0,0.0
-0.0,0.0
-0.0,0.0
-0.0,0.0
-0.0,0.0
-0.0,0.0
-0.0,0.0
-0.0,0.0
-0.0,0.0
-0.0,0.0
-0.0,0.0
-0.0,0.0
-0.0,0.0
-0.0,0.0
-0.0,0.0
-0.0,0.0
-0.0,0.0
-0.0,0.0
-0.0,0.0
-0.0,0.0
-0.0,0.0
-0.0,0.0
-0.0,0.0
-0.0,0.0
-0.0,0.0
-0.0,0.0
-0.0,0.0
-0.0,0.0
-0.0,0.0
-0.0,0.0
-0.0,0.0
-0.0,0.0
-0.0,0.0
-0.0,0.0
-0.0,0.0
-0.0,0.0
-0.0,0.0
-0.0,0.0
-0.0,0.0
-0.0,0.0
-0.0,0.0
-0.0,0.0
-0.0,0.0
-0.0,0.0
-0.0,0.0
-0.0,0.0
-0.0,0.0
-0.0,0.0
-0.0,0.0
-0.0,0.0
-0.0,0.0
-0.0,0.0
-0.0,0.0
-0.0,0.0
-0.0,0.0
-0.0,0.0
-0.0,0.0
-0.0,0.0
-0.0,0.0
-0.0,0.0
-0.0,0.0
-0.0,0.0
-0.0,0.0
-0.0,0.0
-0.0,0.0
-0.0,0.0
-0.0,0.0
-0.0,0.0
-0.0,0.0
-0.0,0.0
-0.0,0.0
-0.0,0.0
-0.0,0.0
-0.0,0.0
-0.0,0.0
-0.0,0.0
-0.0,0.0
-0.0,0.0
-0.0,0.0
-0.0,0.0
-0.0,0.0
-0.0,0.0
-0.0,0.0
-0.0,0.0
-0.0,0.0
-0.0,0.0
-0.0,0.0
-0.0,0.0
-0.0,0.0
-0.0,0.0
-0.0,0.0
-0.0,0.0
-0.0,0.0
-0.0,0.0
-0.0,0.0
-0.0,0.0
-0.0,0.0
-0.0,0.0
-0.0,0.0
-0.0,0.0
-0.0,0.0
-0.0,0.0
-0.0,0.0
-0.0,0.0
-0.0,0.0
-0.0,0.0
-0.0,0.0
-0.0,0.0
-0.0,0.0
-0.0,0.0
-0.0,0.0
-0.0,0.0
-0.0,0.0
-0.0,0.0
-0.0,0.0
-0.0,0.0
-0.0,0.0
-0.0,0.0
-0.0,0.0
-0.0,0.0
-0.0,0.0
-0.0,0.0
-0.0,0.0
-0.0,0.0
-0.0,0.0
-0.0,0.0
-0.0,0.0
-0.0,0.0
-0.0,0.0
-0.0,0.0
-0.0,0.0
-0.0,0.0
-0.0,0.0
-0.0,0.0
-0.0,0.0
-0.0,0.0
-0.0,0.0
-0.0,0.0
-0.0,0.0
-0.0,0.0
-0.0,0.0
-0.0,0.0
-0.0,0.0
-0.0,0.0
-0.0,0.0
-0.0,0.0
-0.0,0.0
-0.0,0.0
-0.0,0.0
-0.0,0.0
-0.0,0.0
-0.0,0.0
-0.0,0.0
-0.0,0.0
-0.0,0.0
-0.0,0.0
-0.0,0.0
-0.0,0.0
-0.0,0.0
-0.0,0.0
-0.0,0.0
-0.0,0.0
-0.0,0.0
-0.0,0.0
-0.0,0.0
-0.0,0.0
-0.0,0.0
-0.0,0.0
-0.0,0.0
-0.0,0.0
-0.0,0.0
-0.0,0.0
-0.0,0.0
-0.0,0.0
-0.0,0.0
-0.0,0.0
-0.0,0.0
-0.0,0.0
-0.0,0.0
-0.0,0.0
-0.0,0.0
-0.0,0.0
-0.0,0.0
-0.0,0.0
-0.0,0.0
-0.0,0.0
-0.0,0.0
-0.0,0.0
-0.0,0.0
-0.0,0.0
-0.0,0.0
-0.0,0.0
-0.0,0.0
-0.0,0.0
-0.0,0.0
-0.0,0.0
-0.0,0.0
-0.0,0.0
-0.0,0.0
-0.0,0.0
-0.0,0.0
-0.0,0.0
-0.0,0.0
-0.0,0.0
-0.0,0.0
-0.0,0.0
-0.0,0.0
-0.0,0.0
-0.0,0.0
-0.0,0.0
-0.0,0.0
-0.0,0.0
-0.0,0.0
-0.0,0.0
-0.0,0.0
-0.0,0.0
-0.0,0.0
-0.0,0.0
-0.0,0.0
-0.0,0.0
-0.0,0.0
-0.0,0.0
-0.0,0.0
-0.0,0.0
-0.0,0.0
-0.0,0.0
-0.0,0.0
-0.0,0.0
-0.0,0.0
-0.0,0.0
-0.0,0.0
-0.0,0.0
-0.0,0.0
-0.0,0.0
-0.0,0.0
-0.0,0.0
-0.0,0.0
-0.0,0.0
-0.0,0.0
-0.0,0.0
-0.0,0.0
-0.0,0.0
-0.0,0.0
-0.0,0.0
-0.0,0.0
-0.0,0.0
-0.0,0.0
-0.0,0.0
-0.0,0.0
-0.0,0.0
-0.0,0.0
-0.0,0.0
-0.0,0.0
-0.0,0.0
-0.0,0.0
-0.0,0.0
-0.0,0.0
-0.0,0.0
-0.0,0.0
-0.0,0.0
-0.0,0.0
-0.0,0.0
-0.0,0.0
-0.0,0.0
-0.0,0.0
-0.0,0.0
-0.0,0.0
-0.0,0.0
-0.0,0.0
-0.0,0.0
-0.0,0.0
-0.0,0.0
-0.0,0.0
-0.0,0.0
-0.0,0.0
-0.0,0.0
-0.0,0.0
-0.0,0.0
-0.0,0.0
-0.0,0.0
-0.0,0.0
-0.0,0.0
-0.0,0.0
-0.0,0.0
-0.0,0.0
